Rank|System|Cores|Rmax (PFlop/s)|Rpeak (PFlop/s)|Power (kW)
1| Frontier - HPE Cray EX235a, AMD Optimized 3rd Generation EPYC 64C 2GHz, AMD Instinct MI250X, Slingshot-11, HPE DOE/SC/Oak Ridge National LaboratoryUnited States |8,699,904|1,206.00|1,714.81|22,786
2| Aurora - HPE Cray EX - Intel Exascale Compute Blade, Xeon CPU Max 9470 52C 2.4GHz, Intel Data Center GPU Max, Slingshot-11, Intel DOE/SC/Argonne National LaboratoryUnited States |9,264,128|1,012.00|1,980.01|38,698
3| Eagle - Microsoft NDv5, Xeon Platinum 8480C 48C 2GHz, NVIDIA H100, NVIDIA Infiniband NDR, Microsoft Azure Microsoft AzureUnited States |2,073,600|561.20|846.84|
4| Supercomputer Fugaku - Supercomputer Fugaku, A64FX 48C 2.2GHz, Tofu interconnect D, Fujitsu RIKEN Center for Computational ScienceJapan |7,630,848|442.01|537.21|29,899
5| LUMI - HPE Cray EX235a, AMD Optimized 3rd Generation EPYC 64C 2GHz, AMD Instinct MI250X, Slingshot-11, HPE EuroHPC/CSCFinland |2,752,704|379.70|531.51|7,107
6| Alps - HPE Cray EX254n, NVIDIA Grace 72C 3.1GHz, NVIDIA GH200 Superchip, Slingshot-11, HPE Swiss National Supercomputing Centre (CSCS)Switzerland |1,305,600|270.00|353.75|5,194
7| Leonardo - BullSequana XH2000, Xeon Platinum 8358 32C 2.6GHz, NVIDIA A100 SXM4 64 GB, Quad-rail NVIDIA HDR100 Infiniband, EVIDEN EuroHPC/CINECAItaly |1,824,768|241.20|306.31|7,494
8| MareNostrum 5 ACC - BullSequana XH3000, Xeon Platinum 8460Y+ 32C 2.3GHz, NVIDIA H100 64GB, Infiniband NDR, EVIDEN EuroHPC/BSCSpain |663,040|175.30|249.44|4,159
9| Summit - IBM Power System AC922, IBM POWER9 22C 3.07GHz, NVIDIA Volta GV100, Dual-rail Mellanox EDR Infiniband, IBM DOE/SC/Oak Ridge National LaboratoryUnited States |2,414,592|148.60|200.79|10,096
10| Eos NVIDIA DGX SuperPOD - NVIDIA DGX H100, Xeon Platinum 8480C 56C 3.8GHz, NVIDIA H100, Infiniband NDR400, Nvidia NVIDIA CorporationUnited States |485,888|121.40|188.65|
11| Venado - HPE Cray EX254n, NVIDIA Grace 72C 3.1GHz, NVIDIA GH200 Superchip, Slingshot-11, HPE DOE/NNSA/LANLUnited States |481,440|98.51|130.44|1,662
12| Sierra - IBM Power System AC922, IBM POWER9 22C 3.1GHz, NVIDIA Volta GV100, Dual-rail Mellanox EDR Infiniband, IBM / NVIDIA / Mellanox DOE/NNSA/LLNLUnited States |1,572,480|94.64|125.71|7,438
13| Sunway TaihuLight - Sunway MPP, Sunway SW26010 260C 1.45GHz, Sunway, NRCPC National Supercomputing Center in WuxiChina |10,649,600|93.01|125.44|15,371
14| Perlmutter - HPE Cray EX 235n, AMD EPYC 7763 64C 2.45GHz, NVIDIA A100 SXM4 40 GB, Slingshot-11, HPE DOE/SC/LBNL/NERSCUnited States |888,832|79.23|113.00|2,945
15| Selene - NVIDIA DGX A100, AMD EPYC 7742 64C 2.25GHz, NVIDIA A100, Mellanox HDR Infiniband, Nvidia NVIDIA CorporationUnited States |555,520|63.46|79.22|2,646
16| Tianhe-2A - TH-IVB-FEP Cluster, Intel Xeon E5-2692v2 12C 2.2GHz, TH Express-2, Matrix-2000, NUDT National Super Computer Center in GuangzhouChina |4,981,760|61.44|100.68|18,482
17| CEA-HE - BullSequana XH3000, Grace Hopper Superchip 72C 3GHz, NVIDIA GH200 Superchip, Quad-Rail BXI v2, EVIDEN Commissariat a l'Energie Atomique (CEA)France |389,232|57.11|112.56|1,207
18| Explorer-WUS3 - ND96_amsr_MI200_v4, AMD EPYC 7V12 48C 2.45GHz, AMD Instinct MI250X, Infiniband HDR, Microsoft Azure Microsoft AzureUnited States |445,440|53.96|86.99|
19| ISEG - Gigabyte G593-SD0, Xeon Platinum 8468 48C 2.1GHz, NVIDIA H100 SXM5 80 GB, Infiniband NDR400, Nebius AI NebiusNetherlands |218,880|46.54|86.79|1,320
20| Adastra - HPE Cray EX235a, AMD Optimized 3rd Generation EPYC 64C 2GHz, AMD Instinct MI250X, Slingshot-11, HPE Grand Equipement National de Calcul Intensif - Centre Informatique National de l'Enseignement Suprieur (GENCI-CINES)France |319,072|46.10|61.61|921
21| JUWELS Booster Module - Bull Sequana XH2000 , AMD EPYC 7402 24C 2.8GHz, NVIDIA A100, Mellanox HDR InfiniBand/ParTec ParaStation ClusterSuite, EVIDEN Forschungszentrum Juelich (FZJ)Germany |449,280|44.12|70.98|1,764
22| MareNostrum 5 GPP - ThinkSystem SD650 v3, Xeon Platinum 03H-LC 56C 1.7GHz, Infiniband NDR200, Lenovo EuroHPC/BSCSpain |725,760|40.10|46.37|5,753
23| Shaheen III - CPU - HPE Cray EX, AMD EPYC 9654 96C 2.4GHz, Slingshot-11, HPE King Abdullah University of Science and TechnologySaudi Arabia |877,824|35.66|39.61|5,301
24| HPC5 - PowerEdge C4140, Xeon Gold 6252 24C 2.1GHz, NVIDIA Tesla V100, Mellanox HDR Infiniband, DELL EMC Eni S.p.A.Italy |669,760|35.45|51.72|2,252
25| Sejong - NVIDIA DGX A100, AMD EPYC 7742 64C 2.25GHz, NVIDIA A100, Infiniband HDR, Nvidia NAVER CorpSouth Korea |277,760|32.97|40.77|
26| Voyager-EUS2 - ND96amsr_A100_v4, AMD EPYC 7V12 48C 2.45GHz, NVIDIA A100 80GB​, Mellanox HDR Infiniband, Microsoft Azure Microsoft AzureUnited States |253,440|30.05|39.53|
27| Crossroads - HPE Cray EX, Xeon CPU Max 9480 56C 1.9GHz, Slingshot-11, HPE DOE/NNSA/LANL/SNLUnited States |660,800|30.03|40.18|6,284
28| Setonix – GPU - HPE Cray EX235a, AMD Optimized 3rd Generation EPYC 64C 2GHz, AMD Instinct MI250X, Slingshot-11, HPE Pawsey Supercomputing Centre, Kensington, Western AustraliaAustralia |181,248|27.16|35.00|477
29| Discovery 5 - HPE Cray EX235n, AMD EPYC 7543 32C 2.8GHz, NVIDIA A100 SXM4 40 GB, Slingshot-11, HPE ExxonMobilUnited States |232,000|26.13|30.99|964
30| Polaris - Apollo 6500, AMD EPYC 7532 32C 2.4GHz, NVIDIA A100 SXM4 40 GB, Slingshot-10, HPE DOE/SC/Argonne National LaboratoryUnited States |256,592|25.81|34.16|
31| TSUBAME4.0 - HPE Cray XD665, AMD EPYC 9654 96C 2.4GHz, NVIDIA H100 SXM5 94 GB, Infiniband NDR200, HPE GSIC Center, Tokyo Institute of TechnologyJapan |172,800|25.46|59.40|732
32| SSC-21 - Apollo 6500 Gen10 plus, AMD EPYC 7543 32C 2.8GHz, NVIDIA A100 80GB​, Infiniband HDR200, HPE Samsung ElectronicsSouth Korea |204,160|25.18|31.75|
33| Frontera - Dell C6420, Xeon Platinum 8280 28C 2.7GHz, Mellanox InfiniBand HDR, DELL EMC Texas Advanced Computing Center/Univ. of TexasUnited States |448,448|23.52|38.75|
34| Yep1 - NVIDIA DGX H100, Xeon Platinum 8480C 56C 3.8GHz, NVIDIA H100 SXM5 80 GB, Infiniband NDR400, Nvidia Ahrefs US DCUnited States |73,584|23.32|34.58|
35| BioHive-2 - NVIDIA DGX H100, Xeon Platinum 8480C 56C 2GHz, NVIDIA H100, Infiniband NDR400, Nvidia RecursionUnited States |40,320|23.32|34.22|
36| CEA-HF - BullSequana XH2000, AMD EPYC 7763 64C 2.45GHz, Atos BXI V2, EVIDEN Commissariat a l'Energie Atomique (CEA)France |810,240|23.24|31.76|4,959
37| Dammam-7 - Cray CS-Storm, Xeon Gold 6248 20C 2.5GHz, NVIDIA Tesla V100 SXM2, InfiniBand HDR 100, HPE Saudi AramcoSaudi Arabia |672,520|22.40|55.42|
38| TAIPEI-1 - NVIDIA DGX H100, Xeon Platinum 8480C 56C 2GHz, NVIDIA H100, NVIDIA Infiniband NDR, Nvidia NVIDIA CorporationTaiwan |40,960|22.30|34.53|
39| ABCI 2.0 - PRIMERGY GX2570 M6, Xeon Platinum 8360Y 36C 2.4GHz, NVIDIA A100 SXM4 40 GB, Infiniband HDR, Fujitsu National Institute of Advanced Industrial Science and Technology (AIST)Japan |504,000|22.21|54.34|1,600
40| Wisteria/BDEC-01 (Odyssey) - PRIMEHPC FX1000, A64FX 48C 2.2GHz, Tofu interconnect D, Fujitsu Information Technology Center, The University of TokyoJapan |368,640|22.12|25.95|1,468
41| DeepL Mercury - NVIDIA DGX H100, Xeon Platinum 8480C 56C 2GHz, NVIDIA H100, NVIDIA Infiniband NDR, Nvidia DeepL SE Super POD Cluster MercurySweden |40,960|21.85|33.85|
42| Chervonenkis - YANDEX Y4N-GA1-TY25-ZB0, AMD EPYC 7702 64C 2GHz, NVIDIA A100 80GB​, Infiniband, YANDEX, NVIDIA YandexRussia |193,440|21.53|29.42|
43| Piz Daint - Cray XC50, Xeon E5-2690v3 12C 2.6GHz, Aries interconnect , NVIDIA Tesla P100, HPE Swiss National Supercomputing Centre (CSCS)Switzerland |387,872|21.23|27.15|2,384
44| kakaocloud - Supermicro AS-4124GO-NART, AMD EPYC 7763 64C 2.45GHz, NVIDIA A100 80GB, InfiniBand HDR200, Supermicro Kakao EnterpriseSouth Korea |160,704|21.21|23.66|
45| Trinity - Cray XC40, Xeon E5-2698v3 16C 2.3GHz, Intel Xeon Phi 7250 68C 1.4GHz, Aries interconnect, HPE DOE/NNSA/LANL/SNLUnited States |979,072|20.16|41.46|7,578
46| El Capitan Early Delivery - HPE Cray EX255a, AMD 4th Gen EPYC 24C 1.8GHz, AMD Instinct MI300A, Slingshot-11, HPE DOE/NNSA/LLNLUnited States |129,024|19.65|32.10|
47| rzAdams - HPE Cray EX255a, AMD 4th Gen EPYC 24C 1.8GHz, AMD Instinct MI300A, Slingshot-11, HPE DOE/NNSA/LLNLUnited States |129,024|19.65|32.10|
48| LLNL-Tuolumne - HPE Cray EX255a, AMD 4th Gen EPYC 24C 1.8GHz, AMD Instinct MI300A, Slingshot-11, HPE Hewlett Packard EnterpriseUnited States |129,024|19.65|32.10|
49| ARCHER2 - Cray XE, AMD EPYC 7742 64C 2.25GHz, Slingshot-10, HPE EPSRC/University of EdinburghUnited Kingdom |716,800|19.54|25.80|
50| SuperMUC-NG - ThinkSystem SD650, Xeon Platinum 8174 24C 3.1GHz, Intel Omni-Path, Lenovo Leibniz RechenzentrumGermany |305,856|19.48|26.87|
51| Dawn - Dell PowerEdge XE9640, Xeon Platinum 8468 48C 2.1GHz, Intel Data Center GPU Max 1550, Infiniband HDR200, DELL EMC University of CambridgeUnited Kingdom |156,864|19.46|53.85|
52| Hawk - Apollo 9000, AMD EPYC 7742 64C 2.25GHz, Mellanox HDR Infiniband, HPE HLRS - Höchstleistungsrechenzentrum StuttgartGermany |698,880|19.33|25.16|3,906
53| Ghawar-1 - HPE Cray EX, AMD EPYC 7702 64C 2GHz, Slingshot-10, HPE Saudi AramcoSaudi Arabia |714,240|19.26|22.86|
54| Frontier TDS - HPE Cray EX235a, AMD Optimized 3rd Generation EPYC 64C 2GHz, AMD Instinct MI250X, Slingshot-11, HPE DOE/SC/Oak Ridge National LaboratoryUnited States |120,832|19.20|23.11|309
55| Helios GPU - HPE Cray EX254n, NVIDIA Grace 72C 3.1GHz, NVIDIA GH200 Superchip, Slingshot-11, HPE CyfronetPoland |89,760|19.14|30.44|317
56| Pégaso - Supermicro A+ Server 4124GO-NART+, AMD EPYC 7513 32C 2.6GHz, NVIDIA A100, Infiniband HDR, EVIDEN Petróleo Brasileiro S.ABrazil |233,856|19.07|42.00|1,033
57| Lassen - IBM Power System AC922, IBM POWER9 22C 3.1GHz, Dual-rail Mellanox EDR Infiniband, NVIDIA Tesla V100, IBM / NVIDIA / Mellanox DOE/NNSA/LLNLUnited States |288,288|18.20|23.05|
58| Guru - ThinkSystem SD650 V2, Xeon Platinum 8368Q 38C 2.6GHz, Infiniband HDR, Lenovo Korea Meteorological AdministrationSouth Korea |306,432|18.00|25.50|3,296
59| Maru - ThinkSystem SD650 V2, Xeon Platinum 8368Q 38C 2.6GHz, Infiniband HDR, Lenovo Korea Meteorological AdministrationSouth Korea |306,432|18.00|25.50|3,296
60| PANGEA III - IBM Power System AC922, IBM POWER9 18C 3.45GHz, Dual-rail Mellanox EDR Infiniband, NVIDIA Volta GV100, IBM Total Exploration ProductionFrance |291,024|17.86|25.03|1,367
61| AOBA-S - SX-Aurora TSUBASA C401-8, Vector Engine Type 30A 16C 1.6GHz, Infiniband NDR200, NEC Cyberscience Center, Tohoku UniversityJapan |64,512|17.22|19.82|1,389
62| HiPerGator AI - NVIDIA DGX A100, AMD EPYC 7742 64C 2.25GHz, NVIDIA A100, Infiniband HDR, Nvidia University of FloridaUnited States |138,880|17.20|21.31|583
63| SuperMUC-NG Phase 2 - ThinkSystem SD650-I V3, Xeon Platinum 8480L 56C 2GHz, Intel Data Center GPU Max, Infiniband HDR, Lenovo Leibniz RechenzentrumGermany |149,760|17.19|27.96|726
64| TOKI-SORA - PRIMEHPC FX1000, A64FX 48C 2.2GHz, Tofu interconnect D, Fujitsu Japan Aerospace eXploration AgencyJapan |276,480|16.59|19.46|
65| Pioneer-WUS2 - NDv4 cluster, AMD EPYC 7V12 48C 2.45GHz, NVIDIA A100, Infiniband HDR, Microsoft Azure Microsoft AzureUnited States |157,440|16.59|24.56|
66| Pioneer-WEU - NDv4 cluster, AMD EPYC 7V12 48C 2.45GHz, NVIDIA A100, Infiniband HDR, Microsoft Azure Microsoft AzureNetherlands |157,440|16.59|24.56|
67| Pioneer-EUS - NDv4 cluster, AMD EPYC 7V12 48C 2.45GHz, NVIDIA A100, Infiniband HDR, Microsoft Azure Microsoft AzureUnited States |157,440|16.59|24.56|
68| Pioneer-SCUS - NDv4 cluster, AMD EPYC 7V12 48C 2.45GHz, NVIDIA A100, Infiniband HDR, Microsoft Azure Microsoft AzureUnited States |157,440|16.59|24.56|
69| Galushkin - YANDEX Y4N-GA1-TY25-ZB0, AMD EPYC 7702 64C 2GHz, NVIDIA A100 80GB​, Infiniband, YANDEX, NVIDIA YandexRussia |134,912|16.02|20.64|
70| kakaocloud - SP7-2608WG Cluster, Xeon Platinum 8358 32C 2.6GHz, NVIDIA A100 80GB, Infiniband HDR200, eSlim Korea Kakao EnterpriseSouth Korea |115,072|15.94|17.82|
71| preAlps - HPE Cray EX254n, NVIDIA Grace 72C 3.1GHz, NVIDIA GH200 Superchip, Slingshot-11, HPE Swiss National Supercomputing Centre (CSCS)Switzerland |81,600|15.47|22.11|240
72| Virga - PowerEdge XE9640, Xeon Platinum 8452Y 36C 2GHz, Nvidia H100 94Gb SXM5, Infiniband NDR, DELL EMC Commonwealth Scientific and Industrial Research Organisation (CSIRO)Australia |60,000|14.94|18.46|
73| Titan - Apollo 6500, AMD EPYC 7763 64C 2.45GHz, NVIDIA A100 SXM4 80 GB, Mellanox HDR Infiniband, HPE SK TelecomSouth Korea |128,960|14.24|16.39|
74| Cori - Cray XC40, Intel Xeon Phi 7250 68C 1.4GHz, Aries interconnect , HPE DOE/SC/LBNL/NERSCUnited States |622,336|14.01|27.88|3,939
75| Nurion - Cray CS500, Intel Xeon Phi 7250 68C 1.4GHz, Intel Omni-Path, HPE Korea Institute of Science and Technology InformationSouth Korea |570,020|13.93|25.71|
76| Proxima - HPE Cray XD220v/HPE Cray XD665, EPYC 9334 32C 3Ghz/Xeon Platinum 8480+ 56C 2GHz, Infiniband NDR200, HPE, GALAXY PCSS PoznanPoland |58,224|13.82|23.32|
77| PRIMEHPC FX1000, A64FX 48C 2.2GHz, Tofu interconnect D, Fujitsu Japan Meteorological AgencyJapan |221,184|13.37|15.57|905
78| PRIMEHPC FX1000, A64FX 48C 2.2GHz, Tofu interconnect D, Fujitsu Japan Meteorological AgencyJapan |221,184|13.37|15.57|905
79| Lyapunov - Inspur NF5488A5, AMD EPYC 7662 64C 2GHz, NVIDIA A100 40GB, Infiniband, NVIDIA, Inspur YandexRussia |130,944|12.81|20.03|
80| Lem - PowerEdge XE9640, Intel Xeon Platinum 8462Y+ 32C 2.8GHz, Nvidia H100 94Gb SXM5, Infiniband NDR200, DELL EMC Wroclaw Centre for Networking and SupercomputingPoland |44,992|12.80|20.37|
81| HPC4 - Proliant DL380 Gen10, Xeon Platinum 8160 24C 2.1GHz, Mellanox InfiniBand EDR, NVIDIA Tesla P100, HPE Eni S.p.A.Italy |253,600|12.21|18.62|1,320
82| Tera-1000-2 - Bull Sequana X1000, Intel Xeon Phi 7250 68C 1.4GHz, Bull BXI 1.2, EVIDEN Commissariat a l'Energie Atomique (CEA)France |561,408|11.97|23.40|3,178
83| Christofari Neo - NVIDIA DGX A100, AMD EPYC 7742 64C 2.25GHz, NVIDIA A100 80GB​, Infiniband, Nvidia SberCloudRussia |98,208|11.95|14.91|
84| Carpenter - HPE Cray EX, AMD EPYC 9654 96C 2.4GHz, Slingshot-11, HPE ERDC DSRCUnited States |276,480|11.62|12.47|1,100
85| Kestrel CPU - HPE Cray EX, Xeon Platinum 8470Q 52C 2.1GHz, Slingshot-11, HPE National Renewable Energy LaboratoryUnited States |212,992|11.37|14.31|
86| PRIMEHPC FX1000, A64FX 48C 2.2GHz, Tofu interconnect D, Fujitsu Central Weather AdministrationTaiwan |184,320|11.16|12.98|674
87| Stampede2 - PowerEdge C6320P/C6420, Intel Xeon Phi 7250 68C 1.4GHz/Platinum 8160, Intel Omni-Path, DELL EMC Texas Advanced Computing Center/Univ. of TexasUnited States |367,024|10.68|18.31|
88| Opera Iceland KEF-1 SuperPOD - NVIDIA DGX H100, Xeon Platinum 8480C 56C 3.8GHz, NVIDIA H100 80GB, Infiniband NDR400, Nvidia Opera KEF-1Iceland |36,208|10.53|17.02|
89| MeluXina - Accelerator Module - BullSequana XH2000, AMD EPYC 7452 32C 2.35GHz, NVIDIA A100 40GB, Mellanox HDR InfiniBand/ParTec ParaStation ClusterSuite, EVIDEN LuxProvideLuxembourg |99,200|10.52|15.29|390
90| KT DGX SuperPOD - NVIDIA DGX A100, AMD EPYC 7742 64C 2.25GHz, NVIDIA A100, Infiniband HDR, Nvidia Korea TelecomSouth Korea |98,208|10.38|14.42|
91| Derecho CPU partition - HPE Cray EX, AMD EPYC 7763 64C 2.45GHz, Slingshot-11, HPE National Center for Atmospheric Research (NCAR)United States |316,416|10.32|12.40|
92| Levante - BullSequana XH2000, AMD EPYC 7763 64C 2.45GHz, InfiniBand HDR100, EVIDEN DKRZ - Deutsches KlimarechenzentrumGermany |352,000|10.11|13.80|
93| Cactus - HPE Cray EX, AMD EPYC 7742 64C 2.25GHz, Slingshot-10, HPE GDIT/NOAA/WCOSSUnited States |327,680|10.01|11.80|
94| Dogwood - HPE Cray EX, AMD EPYC 7742 64C 2.25GHz, Slingshot-10, HPE GDIT/NOAA/WCOSSUnited States |327,680|10.01|11.80|
95| Earth Simulator -SX-Aurora TSUBASA - SX-Aurora TSUBASA B401-8, Vector Engine Type20B 8C 1.6GHz, Infiniband HDR200, NEC Japan Agency for Marine-Earth Science and TechnologyJapan |43,776|9.99|13.45|1,391
96| Amazon EC2 Instance Cluster us-east-1a - Amazon EC2 r5.24xlarge, Xeon Platinum 8260 24C 2.4GHz, 25G Ethernet, Amazon Web Services Descartes LabsUnited States |172,692|9.95|15.11|
97| NVIDIA Cambridge-1 DGX SuperPOD - NVIDIA DGX A100, AMD EPYC 7742 64C 2.25GHz, NVIDIA A100 80GB​, Infiniband HDR, Nvidia NVIDIA CorporationUnited States |79,360|9.68|12.05|
98| SNL/NNSA CTS-2 Amber - PowerEdge C6220, Xeon Platinum 8480+ 56C 2GHz, Cornelis Networks Omni-Path, DELL EMC Sandia National LaboratoriesUnited States |169,344|9.51|10.84|
99| Apollo 6500, AMD EPYC 7543 32C 2.8GHz, NVIDIA A100 SXM4 80 GB, Mellanox HDR Infiniband, HPE Research InstituteJapan |72,384|9.46|9.67|
100| DGX SuperPOD - NVIDIA DGX-2H, Xeon Platinum 8174 24C 3.1GHz, NVIDIA Tesla V100, Mellanox InfiniBand EDR, Nvidia NVIDIA CorporationUnited States |127,488|9.44|11.21|
101| SX-Aurora TSUBASA C401-8, Vector Engine Type 30A 16C 1.6GHz, Infiniband NDR200, NEC Deutscher WetterdienstGermany |36,864|9.36|11.20|1,213
102| JURECA Data Centric Module - BullSequana XH2000, AMD EPYC 7742 64C 2.25GHz, NVIDIA A100 40GB, Mellanox HDR InfiniBand/ParTec ParaStation ClusterSuite, EVIDEN Forschungszentrum Juelich (FZJ)Germany |105,840|9.33|14.51|384
103| Gadi - PRIMERGY CX2570 M5, ThinkSystem SD650, Xeon Platinum 8274/8268, NVIDIA Tesla V100 SXM2, Mellanox HDR Infiniband, Fujitsu / Lenovo National Computational Infrastructure (NCI Australia)Australia |204,032|9.26|15.14|
104| Goethe-NHR - Supermicro AS-4124GS-TNR, AMD EPYC 7452 32C 2.35GHz, AMD Instinct MI210 64 GB, Mellanox InfiniBand EDR, MEGWARE / Supermicro Universitaet FrankfurtGermany |96,768|9.09|19.34|195
105| Aitken - HPE Apollo 9000/HPE SGI 8600, AMD EPYC 7742 64C 2.25GHz/Intel Xeon Gold 6248 20C 2.5GHz, Mellanox EDR/HDR Infiniband, HPE NASA/Ames Research Center/NASUnited States |293,936|9.07|12.49|2,010
106| Taiwania 2 - QCT QuantaGrid D52G-4U/LC, Xeon Gold 6154 18C 3GHz, Mellanox InfiniBand EDR, NVIDIA Tesla V100 SXM2, Quanta Computer / Taiwan Fixed Network / ASUS Cloud National Center for High Performance ComputingTaiwan |170,352|9.00|15.21|798
107| SNL CTS-2 Stout - PowerEdge C6220, Xeon Platinum 8480+ 56C 2GHz, Dual-rail Intel Omni-Path, DELL EMC Sandia National LaboratoriesUnited States |157,248|8.99|10.06|1,491
108| Dragão - Supermicro SYS-4029GP-TVRT, Xeon Gold 6230R 26C 2.1GHz, NVIDIA Tesla V100, Infiniband EDR, EVIDEN Petróleo Brasileiro S.ABrazil |188,224|8.98|14.01|943
109| Raven-GPU - ThinkSystem SD650-N V2, Xeon Platinum 8360Y 36C 2.4GHz, NVIDIA A100, Mellanox HDR Infiniband, Lenovo Max-Planck-Gesellschaft MPI/IPPGermany |96,768|8.62|16.03|377
110| AIRAWAT - PSAI - NVIDIA DGX A100, AMD EPYC 7742 64C 2.25GHz, NVIDIA A100, Infiniband HDR, Netweb Technologies Center for Development of Advanced Computing (C-DAC)India |81,344|8.50|13.17|
111| Tuwaiq-1 - PowerEdge XE8640, Intel Xeon Platinum 8462Y+ 32C 2.8GHz, NVIDIA HGX H100, Infiniband HDR, DELL EMC Saudi AramcoSaudi Arabia |61,568|8.49|14.17|
112| C24 - HPE Cray EX, AMD EPYC 9654 96C 2.4GHz, Slingshot-11, HPE Skoda Auto a.s.Czechia |196,608|8.40|8.87|
113| AiMOS - IBM Power System AC922, IBM POWER9 20C 3.45GHz, NVIDIA Volta GV100, Dual-rail Mellanox EDR Infiniband, IBM Rensselaer Polytechnic Institute Center for Computational Innovations (CCI)United States |130,000|8.34|11.03|512
114| Dardel GPU - HPE Cray EX235a, AMD Optimized 3rd Generation EPYC 64C 2GHz, AMD Instinct MI250X, Slingshot-11, HPE KTH - Royal Institute of TechnologySweden |52,864|8.26|10.21|146
115| Taranis - Bull Sequana XH2000 , AMD EPYC 7742 64C 2.25GHz, Mellanox InfiniBand HDR100, EVIDEN Meteo FranceFrance |294,912|8.19|10.32|1,672
116| LANTA - HPE Cray EX235n, AMD EPYC 7713 64C 2GHz, NVIDIA A100 40GB, Slingshot-11, HPE NSTDA Supercomputer Center (ThaiSC)Thailand |87,296|8.15|13.77|310
117| Roxy - Apollo 2000, Xeon Gold 6248 20C 2.5GHz, Infiniband EDR, HPE GovernmentUnited States |174,720|8.12|13.98|
118| HoreKa-Green - ThinkSystem SD650 V2, Xeon Platinum 8368 38C 2.4GHz, NVIDIA A100 40GB, Mellanox HDR Infiniband, Lenovo Karlsruher Institut für Technologie (KIT) Germany |90,932|8.03|15.01|359
119| Narwhal - HPE Cray EX, AMD EPYC 7H12 64C 2.6GHz, Slingshot-10, HPE Navy DSRCUnited States |276,480|8.02|11.50|
120| 42 - Apollo 6500, AMD EPYC 7313 16C 3GHz, NVIDIA A100 SXM4 80 GB, Infiniband HDR, HPE Hessian.AIGermany |64,512|7.94|8.83|353
121| Plasma Simulator - SX-Aurora TSUBASA A412-8, Vector Engine Type10AE 8C 1.58GHz, Infiniband HDR 200, NEC National Institute for Fusion Science (NIFS)Japan |34,560|7.89|10.51|1,550
122| Leonardo-CPU - EVIDEN BullSequana XH2000, Xeon Platinum 8480L 56C 2GHz, InfiniBand HDR 100, EVIDEN EuroHPC/CINECAItaly |172,032|7.84|9.43|1,118
123| Underhill - ThinkSystem SD650 V2, Xeon Platinum 8380 40C 2.3GHz, Infiniband HDR, Lenovo Shared Services CanadaCanada |148,320|7.76|10.92|1,295
124| Robert - ThinkSystem SD650-N V2, Xeon Platinum 8380 40C 2.3GHz, Infiniband HDR, Lenovo Shared Services CanadaCanada |148,320|7.76|10.92|1,295
125| Belenos - Bull Sequana XH2000 , AMD EPYC 7742 64C 2.25GHz, Mellanox HDR100, EVIDEN Meteo FranceFrance |294,912|7.68|10.47|1,655
126| alpha ONE - Apollo 6500, AMD EPYC 7F52 16C 3.5GHz, NVIDIA A100 SXM4 80 GB, Mellanox HDR Infiniband, HPE Aleph AlphaGermany |57,344|7.62|7.86|
127| PupMaya - Apollo 2000, Xeon Gold 6148 20C 2.4GHz, Infiniband EDR, HPE GovernmentUnited States |169,920|7.48|12.90|
128| Isambard-AI phase 1 - HPE Cray EX254n, NVIDIA Grace 72C 3.1GHz, NVIDIA GH200 Superchip, Slingshot-11, HPE University of BristolUnited Kingdom |34,272|7.42|9.29|117
129| Artemis - NVIDIA DGX-2, Xeon Platinum 8168 24C 2.7GHz, Infiniband EDR, NVIDIA Tesla V100, Nvidia Group 42United Arab Emirates |107,568|7.26|9.49|673
130| LLNL CTS-2 Dane - DELL PowerEdge C6620, Xeon Platinum 8480+ 56C 2GHz, Cornelis Networks Omni-Path, DELL EMC Lawrence Livermore National LaboratoryUnited States |123,648|7.04|7.91|
131| Cray XC40, Xeon E5-2695v4 18C 2.1GHz, Aries interconnect , HPE United Kingdom Meteorological OfficeUnited Kingdom |241,920|7.04|8.13|
132| JOLIOT-CURIE ROME - Bull Sequana XH2000 , AMD Rome 7H12 64C 2.6GHz, Mellanox HDR100, EVIDEN CEA/TGCC-GENCIFrance |197,120|6.99|12.04|1,436
133| Gaia - PowerEdge XE8545, AMD EPYC 74F3 24C 3.2GHz, NVIDIA A100, Infiniband, DELL EMC Petróleo Brasileiro S.ABrazil |84,480|6.97|13.73|574
134| Theta - Cray XC40, Intel Xeon Phi 7230 64C 1.3GHz, Aries interconnect , HPE DOE/SC/Argonne National LaboratoryUnited States |280,320|6.92|11.66|
135| Karolina, GPU partition - Apollo 6500, AMD EPYC 7763 64C 2.45GHz, NVIDIA A100 SXM4 40 GB, Infiniband HDR200, HPE IT4Innovations National Supercomputing Center, VSB-Technical University of OstravaCzechia |71,424|6.75|9.08|311
136| SX-Aurora TSUBASA C401-8, Vector Engine Type 30A 16C 1.6GHz, Infiniband NDR200, NEC Deutscher WetterdienstGermany |28,352|6.73|8.58|942
137| Camphor 3 - DELL PowerEdge C6620, Xeon CPU Max 9480 56C 1.9GHz, Infiniband NDR, NEC / DELL Academic Center for Computing and Media Studies (ACCMS), Kyoto UniversityJapan |125,440|6.71|7.63|1,027
138| HPCF-AD - EVIDEN BullSequana XH2000, AMD EPYC 7742 64C 2.25GHz, Infiniband HDR200, EVIDEN ECMWFItaly |245,760|6.67|8.85|1,200
139| HPCF-AC - EVIDEN BullSequana XH2000, AMD EPYC 7742 64C 2.25GHz, Infiniband HDR200, EVIDEN ECMWFItaly |245,760|6.67|8.85|1,200
140| HPCF-AB - EVIDEN BullSequana XH2000, AMD EPYC 7742 64C 2.25GHz, Infiniband HDR200, EVIDEN ECMWFItaly |245,760|6.67|8.85|1,200
141| HPCF-AA - EVIDEN BullSequana XH2000, AMD EPYC 7742 64C 2.25GHz, Infiniband HDR200, EVIDEN ECMWFItaly |245,760|6.67|8.85|1,200
142| Christofari - NVIDIA DGX-2, Xeon Platinum 8168 24C 2.7GHz, Mellanox InfiniBand EDR, NVIDIA Tesla V100, Nvidia SberCloudRussia |99,600|6.67|8.79|
143| Flow - PRIMEHPC FX1000, A64FX 48C 2.2GHz, Tofu interconnect D, Fujitsu Information Technology Center, Nagoya UniversityJapan |110,592|6.62|7.79|
144| MareNostrum - Lenovo SD530, Xeon Platinum 8160 24C 2.1GHz, Intel Omni-Path, Lenovo Barcelona Supercomputing CenterSpain |153,216|6.47|10.30|1,632
145| SPR-HBM - Lenovo ThinkSystem SD650 V3, Xeon CPU Max 9480 56C 1.9GHz, Infiniband NDR, Lenovo BPUnited States |119,952|6.46|7.29|1,062
146| ONYX - Cray XC40, Xeon E5-2699v4 22C 2.2GHz, Aries interconnect , HPE ERDC DSRCUnited States |211,816|6.32|7.46|
147| LUMI-C - HPE Cray EX, AMD EPYC 7763 64C 2.45GHz, Slingshot-10, HPE EuroHPC/CSCFinland |194,560|6.30|7.63|1,216
148| DAIDC - Apollo 6500, AMD EPYC 74F3 24C 3.2GHz, NVIDIA A100 SXM4 80 GB, Infiniband HDR, HPE GovernmentSouth Korea |54,720|6.18|7.41|
149| JUWELS Module 1 - Bull Sequana X1000, Xeon Platinum 8168 24C 2.7GHz, Mellanox EDR InfiniBand/ParTec ParaStation ClusterSuite, EVIDEN Forschungszentrum Juelich (FZJ)Germany |114,480|6.18|9.89|1,361
150| HPE SGI 8600, Xeon Gold 6248R 24C 3GHz, NVIDIA Tesla V100 SXM2, Infiniband EDR, HPE Japan Atomic Energy Agency(JAEA)/ National Institutes for Quantum and Radiological Science and Technology(QST)Japan |100,096|6.16|8.44|
151| LLNL/NNSA CTS-2 Bengal - DELL PowerEdge C6620, Xeon Platinum 8480+ 56C 2GHz, Cornelis Networks Omni-Path, DELL EMC Lawrence Livermore National LaboratoryUnited States |107,520|6.13|6.88|
152| SQUID - CPU Nodes - NEC LX 103Bj-8, Xeon Platinum 8368 38C 2.4GHz, Infiniband HDR200, NEC Osaka UniversityJapan |115,520|6.11|8.87|1,222
153| Lise - Bull intel Cluster, Intel Xeon Platinum 9242 48C 2.3GHz, Intel Omni-Path, EVIDEN HLRN at ZIB/Konrad Zuse-Zentrum BerlinGermany |121,920|6.05|8.93|
154| Kraken-Fregata - HPE Cray XD665, AMD EPYC 9334 32C 2.7GHz, Nvidia H100 94Gb SXM5, Infiniband NDR200, HPE, GALAXY Gdansk University of Technology, CI TaskPoland |21,904|5.99|10.02|
155| Pleiades - SGI ICE X, Intel Xeon E5-2670/E5-2680v2/E5-2680v3/E5-2680v4 2.6/2.8/2.5/2.4 GHz, Infiniband FDR, HPE NASA/Ames Research Center/NASUnited States |241,108|5.95|7.11|4,407
156| Emmy+ - BullSequana X, Intel Xeon Platinum 9242/Gold 6148, Intel Omni-Path, EVIDEN HLRN+ at GWDG/University of GöttingenGermany |120,296|5.95|8.91|
157| Narval (GPU) - PowerEdge XE8545, AMD EPYC 7413 24C 2.65GHz, NVIDIA A100, InfiniBand HDR100, DELL EMC Calcul Québec/Compute CanadaCanada |76,320|5.89|12.17|311
158| Sawtooth - HPE SGI 8600, Xeon Platinum 8268 24C 2.9GHz, Infiniband EDR/HDR , HPE Idaho National LaboratoryUnited States |99,792|5.78|9.22|1,432
159| COBRA - Intel Compute Module HNS2600BP, Xeon Gold 6148 20C 2.4GHz, Intel Omni-Path, Intel Max-Planck-Gesellschaft MPI/IPPGermany |127,520|5.61|9.79|1,635
160| PRIMEHPC FX1000, A64FX 48C 2.2GHz, Tofu interconnect D, Fujitsu Central Weather AdministrationTaiwan |92,160|5.60|6.49|350
161| Shaheen II - Cray XC40, Xeon E5-2698v3 16C 2.3GHz, Aries interconnect , HPE King Abdullah University of Science and TechnologySaudi Arabia |196,608|5.54|7.24|2,834
162| Grete - MEGWARE GPU Server System, AMD EPYC 7513 32C 2.6GHz, NVIDIA A100 SXM4 40 GB, Infiniband HDR, MEGWARE NHR@GöttingenGermany |49,600|5.46|7.90|206
163| Electra - HPE SGI 8600/SGI ICE-X, E5-2680V4/ Xeon Gold 6148 20C 2.4GHz, Infiniband EDR/FDR-56 IB, HPE NASA/Ames Research Center/NASUnited States |124,416|5.44|8.32|1,686
164| Raven - ThinkSystem SD650 V2, Xeon Platinum 8360Y 36C 2.4GHz, InfiniBand HDR 100, Lenovo Max-Planck-Gesellschaft MPI/IPPGermany |114,624|5.42|8.80|
165| Snellius Phase 2 CPU - ThinkSystem SD665 V3, AMD EPYC 9654 96C 2.4GHz, Infiniband NDR200, Lenovo SURFNetherlands |150,912|5.40|5.71|799
166| rzVernal - HPE Cray EX235a, AMD Optimized 3rd Generation EPYC 64C 2GHz, AMD Instinct MI250X, Slingshot-11, HPE DOE/NNSA/LLNLUnited States |35,872|5.40|6.92|
167| MAHTI - Bull Sequana XH2000 , AMD Rome 7H12 64C 2.6GHz, Mellanox HDR100, EVIDEN CSC (Center for Scientific Computing)Finland |169,728|5.39|7.06|1,070
168| NA5 - Lenovo ThinkSystem SR665 V2, AMD EPYC 7763 64C 2.45GHz, 100G Ethernet, Lenovo Software CompanyUnited States |268,928|5.31|10.54|
169| NA5A - Lenovo ThinkSystem SR665 V2, AMD EPYC 7763 64C 2.45GHz, 100G Ethernet, Lenovo Software CompanyUnited States |268,928|5.31|10.54|
170| Pangea - SGI ICE X, Xeon Xeon E5-2670/ E5-2680v3 12C 2.5GHz, Infiniband FDR, HPE Total Exploration ProductionFrance |220,800|5.28|6.71|4,150
171| Berzelius - NVIDIA DGX A100, AMD EPYC 7742 64C 2.25GHz, NVIDIA A100, Infiniband HDR, EVIDEN National Supercomputer Centre (NSC)Sweden |59,520|5.25|9.64|
172| DiRAC, Tursa - BullSequana XH2000, AMD EPYC 7302 32C 3GHz, NVIDIA A100 40GB, Mellanox HDR Infiniband, EVIDEN University of EdinburghUnited Kingdom |55,552|5.23|8.58|244
173| TX-GAIA (Green AI Accelerator) - Apollo 2000, Xeon Gold 6248 20C 2.5GHz, NVIDIA Tesla V100, Intel Omni-Path, HPE MIT Lincoln Laboratory Supercomputing CenterUnited States |88,400|5.16|6.98|1,436
174| Dhabi Supercomputer - Apollo 6500, AMD EPYC 7763 64C 2.45GHz, NVIDIA A100 SXM4 80 GB, Infiniband HDR, HPE Technology Innovation Institute (TII)United Arab Emirates |39,680|5.09|5.84|139
175| Topaze-gpu - BullSequana XH2000, AMD EPYC 7763 64C 2.45GHz, NVIDIA A100, Mellanox HDR Infiniband, EVIDEN Commissariat a l'Energie Atomique (CEA)/CCRTFrance |42,000|5.07|6.23|
176| Dardel CPU - HPE Cray EX, AMD EPYC 7742 64C 2.25GHz, Slingshot-11, HPE KTH - Royal Institute of TechnologySweden |156,672|5.06|5.64|
177| Athena - FormatServer THOR ERG21, AMD EPYC 7742 64C 2.25GHz, NVIDIA A100 SXM4 40 GB, Infiniband HDR, Format sp. z o.o. CyfronetPoland |47,616|5.05|7.71|147
178| HPE Cray XD6500, Xeon Platinum 8480+ 56C 2GHz, NVIDIA H100 SXM5 80 GB, Infiniband NDR, HPE CUBOXSouth Korea |17,520|4.96|8.14|
179| BioHive-1 - NVIDIA DGX A100, AMD EPYC 7742 64C 2.25GHz, NVIDIA A100, Mellanox HDR Infiniband, Nvidia RecursionUnited States |39,680|4.90|5.71|
180| Flow Type II subsystem - PRIMERGY CX2570 M5, Xeon Gold 6230 20C 2.1GHz, NVIDIA Tesla V100 SXM2, Infiniband EDR, Fujitsu Information Technology Center, Nagoya UniversityJapan |79,560|4.88|7.52|
181| Joule 3.0 - Gigabyte R283/R183/G593, AMD EPYC 9534 64C 2.45GHz, Infiniband, Koi Computers DOE/National Energy Technology LaboratoryUnited States |107,648|4.86|6.11|
182| Eagle - HPE SGI 8600, Xeon Gold 6154 18C 3GHz, EDR Infiniband/ 8D Hypercube, HPE National Renewable Energy LaboratoryUnited States |75,600|4.85|7.26|
183| Cheyenne - SGI ICE XA, Xeon E5-2697v4 18C 2.3GHz, Infiniband EDR, HPE National Center for Atmospheric Research (NCAR)United States |144,900|4.79|5.33|1,727
184| Betzy - Bull Sequana XH2000 , AMD EPYC 7742 64C 2.25GHz, Mellanox HDR Infiniband, EVIDEN UNINETT Sigma2 ASNorway |172,032|4.72|6.19|
185| PARAM Siddhi-AI - NVIDIA DGX A100, AMD EPYC 7742 64C 2.25GHz, NVIDIA A100, Mellanox HDR Infiniband, EVIDEN Center for Development of Advanced Computing (C-DAC)India |41,664|4.62|5.27|
186| Derecho GPU partition - HPE Cray EX 235n, AMD EPYC 7763 64C 2.45GHz, NVIDIA A100 SXM4 40 GB, Slingshot-11, HPE National Center for Atmospheric Research (NCAR)United States |39,680|4.58|5.04|169
187| Tioga - HPE Cray EX235a, AMD Optimized 3rd Generation EPYC 64C 2GHz, AMD Instinct MI250X, Slingshot-11, HPE DOE/NNSA/LLNLUnited States |30,208|4.55|5.83|
188| Discoverer - BullSequana XH2000, AMD EPYC 7H12 64C 2.6GHz, Infiniband HDR, EVIDEN Consortium Petascale Supercomputer BulgariaBulgaria |144,384|4.52|5.94|
189| JEDI - BullSequana XH3000, Grace Hopper Superchip 72C 3GHz, NVIDIA GH200 Superchip, Quad-Rail NVIDIA InfiniBand NDR200, ParTec/EVIDEN EuroHPC/FZJGermany |19,584|4.50|5.13|67
190| Jean Zay - HPE SGI 8600, Xeon Gold 6248 20C 2.5GHz, NVIDIA Tesla V100 SXM2, Intel Omni-Path, HPE CNRS/IDRIS-GENCIFrance |93,960|4.48|7.35|
191| Wisteria/BDEC-01 (Aquarius) - PRIMERGY GX2570 M6, Xeon Platinum 8360Y 36C 2.4GHz, NVIDIA A100 SXM4 40 GB, Infiniband HDR, Fujitsu Information Technology Center, The University of TokyoJapan |42,120|4.42|7.27|184
192| Atlas - Bull 4029GP-TVRT, Xeon Gold 6240 18C 2.6GHz, NVIDIA Tesla V100, Infiniband EDR, EVIDEN Petróleo Brasileiro S.ABrazil |91,936|4.38|8.85|547
193| Advanced Computing System(PreE) - Sugon TC8600, Hygon Dhyana 32C 2GHz, Deep Computing Processor, 200Gb 6D-Torus, Sugon SugonChina |163,840|4.33|6.13|380
194| CRONOS - BullSequana X, Xeon Platinum 8260 24C 2.4GHz, Infiniband HDR, EVIDEN EDFFrance |81,600|4.30|7.14|1,226
195| SNL/NNSA CTS-1 Manzano - Tundra Extreme Scale, Xeon Platinum 8268 24C 2.9GHz, Intel Omni-Path, Penguin Computing, Inc. Sandia National LaboratoriesUnited States |71,424|4.28|6.63|960
196| NA7A - Lenovo ThinkSystem SR665 V2, AMD EPYC 7763 64C 2.45GHz, 100G Ethernet, Lenovo Software CompanyUnited States |207,872|4.23|8.15|
197| NA7 - Lenovo ThinkSystem SR665 V2, AMD EPYC 7763 64C 2.45GHz, 100G Ethernet, Lenovo Software CompanyUnited States |207,872|4.23|8.15|
198| NA2C - Lenovo ThinkSystem SR650 V2, Xeon Platinum 8358 32C 2.6GHz, 100G Ethernet, Lenovo Software CompanyUnited States |111,936|4.23|9.31|
199| NA2B - Lenovo ThinkSystem SR650 V2, Xeon Platinum 8358 32C 2.6GHz, 100G Ethernet, Lenovo Software CompanyUnited States |111,936|4.23|9.31|
200| NA2 - Lenovo ThinkSystem SR650 V2, Xeon Platinum 8358 32C 2.6GHz, 100G Ethernet, Lenovo Software CompanyUnited States |111,936|4.23|9.31|
201| Berzelius2 - NVIDIA DGX A100, AMD EPYC 7742 64C 2.25GHz, NVIDIA A100 SXM4 80 GB, Octo-rail NVIDIA HDR-100 Infiniband, EVIDEN National Supercomputer Centre (NSC)Sweden |33,728|4.21|5.14|
202| Noctua 2 - BullSequana XH2000, AMD EPYC 7763 64C 2.45GHz, InfiniBand HDR100, EVIDEN Universitaet Paderborn - PC2Germany |135,168|4.19|5.30|869
203| NA6B - Lenovo ThinkSystem SR650 V2, Xeon Platinum 8358 32C 2.6GHz, 100G Ethernet, Lenovo Software CompanyUnited States |111,744|4.16|9.30|
204| NA6A - Lenovo ThinkSystem SR650 V2, Xeon Platinum 8358 32C 2.6GHz, 100G Ethernet, Lenovo Software CompanyUnited States |111,744|4.16|9.30|
205| NA6 - Lenovo ThinkSystem SR650 V2, Xeon Platinum 8358 32C 2.6GHz, 100G Ethernet, Lenovo Software CompanyUnited States |111,744|4.16|9.30|
206| Apollo 6500 XL270d Gen10, Xeon Gold 6140 18C 2.3GHz, Mellanox InfiniBand EDR, NVIDIA Tesla V100 SXM2, HPE Research InstituteJapan |70,416|4.13|5.78|
207| JOLIOT-CURIE SKL - Bull Sequana X1000, Xeon Platinum 8168 24C 2.7GHz, Mellanox EDR, EVIDEN CEA/TGCC-GENCIFrance |79,488|4.07|6.64|917
208| NA12A - Lenovo ThinkSystem SR665 V2, AMD EPYC 7763 64C 2.45GHz, 100G Ethernet, Lenovo Software CompanyUnited States |187,648|4.05|7.36|
209| NA12 - Lenovo ThinkSystem SR665 V2, AMD EPYC 7763 64C 2.45GHz, 100G Ethernet, Lenovo Software CompanyUnited States |187,648|4.05|7.36|
210| Abel - Cray XC30, Xeon E5-2698v3 16C 2.3GHz, Aries interconnect , HPE Petroleum Geo-ServicesUnited States |145,920|4.04|5.37|1,800
211| Warhawk - HPE Cray EX, AMD EPYC 7H12 64C 2.6GHz, Slingshot-10, HPE Air Force Research LaboratoryUnited States |129,920|4.03|5.40|
212| Alex - MEGWARE NF5488A5, AMD EPYC 7713 64C 2GHz, NVIDIA A100 SXM4 80 GB, Infiniband HDR, MEGWARE Universitaet Erlangen - Regionales Rechenzentrum ErlangenGermany |37,696|4.03|6.08|179
213| Raider - Penguin Altus XO1232g, AMD EPYC 7713 64C 2GHz, Infiniband HDR, Penguin Computing, Inc. Air Force Research LaboratoryUnited States |206,304|4.02|8.66|
214| DGX Saturn V - NVIDIA DGX-1 Volta36, Xeon E5-2698v4 20C 2.2GHz, NVIDIA Tesla V100, Infiniband EDR, Nvidia NVIDIA CorporationUnited States |87,040|4.00|7.41|
215| NA9B - Lenovo ThinkSystem SR665 V2, AMD EPYC 7763 64C 2.45GHz, 100G Ethernet, Lenovo Software CompanyUnited States |200,448|3.96|7.86|
216| NA9A - Lenovo ThinkSystem SR665 V2, AMD EPYC 7763 64C 2.45GHz, 100G Ethernet, Lenovo Software CompanyUnited States |200,448|3.96|7.86|
217| NA9 - Lenovo ThinkSystem SR665 V2, AMD EPYC 7763 64C 2.45GHz, 100G Ethernet, Lenovo Software CompanyUnited States |200,448|3.96|7.86|
218| NA9Z - Lenovo ThinkSystem SR665 V2, AMD EPYC 7763 64C 2.45GHz, 100G Ethernet, Lenovo Software CompanyUnited States |200,448|3.96|7.86|
219| Deucalion - PRIMEHPC FX700, Fujitsu A64FX 48C 2GHz, InfiniBand HDR100, Fujitsu FCTPortugal |78,336|3.96|5.01|365
220| Cray XC40, Xeon E5-2695v4 18C 2.1GHz, Aries interconnect , HPE ECMWFUnited Kingdom |126,468|3.94|4.25|1,897
221| Cray XC40, Xeon E5-2695v4 18C 2.1GHz, Aries interconnect , HPE ECMWFUnited Kingdom |126,468|3.94|4.25|1,897
222| NA1 - Lenovo ThinkSystem SR665 V2, AMD EPYC 7763 64C 2.45GHz, 100G Ethernet, Lenovo Software CompanyUnited States |191,232|3.92|7.50|
223| Nautilus - Penguin Altus XE2214GTS, AMD EPYC 7713 64C 2GHz, NVIDIA A100, Infiniband HDR200, Penguin Computing, Inc. Navy DSRCUnited States |191,680|3.90|8.15|
224| Clementina XXI - Lenovo ThinkSystem SD650 V3, Xeon Max 9462 32C 2.7GHz, Infiniband NDR 400, Lenovo Servicio Meteorológico NacionalArgentina |43,008|3.88|5.99|
225| Gemini - PowerEdge XE8545, AMD EPYC 74F3 24C 3.2GHz, NVIDIA A100, Infiniband, DELL EMC Petróleo Brasileiro S.ABrazil |42,240|3.86|6.86|287
226| VEGA HPC CPU - BullSequana XH2000, AMD EPYC 7H12 64C 2.6GHz, Mellanox InfiniBand HDR100, EVIDEN IZUMSlovenia |122,880|3.82|5.37|
227| Delta - Apollo 6500, AMD EPYC 7763 64C 2.45GHz, NVIDIA A100, Slingshot-10, HPE NCSAUnited States |49,600|3.81|8.05|
228| hotlum - HPE Cray EX, AMD EPYC 7763 64C 2.45GHz, Slingshot-11, HPE Hewlett Packard EnterpriseFrance |116,736|3.81|4.58|
229| CLAIX-2023 (GPU segment) - NEC HPC12G4Rk-3 DLC, Xeon Platinum 8468 48C 2.1GHz, NVIDIA H100, Infiniband NDR, NEC Universitaet Aachen/RWTH - IT CenterGermany |16,560|3.77|12.31|156
230| Pratyush - Cray XC40, Xeon E5-2695v4 18C 2.1GHz, Aries interconnect , HPE Indian Institute of Tropical MeteorologyIndia |119,232|3.76|4.01|1,353
231| Apollo 6500 XL270d Gen10, Xeon Gold 6150/6152 18C 2.7GHz, Mellanox InfiniBand EDR, NVIDIA Tesla V100 SXM2, HPE SAKURA Internet Inc. / Prunus Solutions Inc.Japan |65,208|3.71|5.37|
232| LLNL Ruby - Supermicro SYS-2029TP-HTR, Xeon Platnium 8276L 28C 2.2GHz, Cornelis Networks Omni-Path, Supermicro Lawrence Livermore National LaboratoryUnited States |85,568|3.70|6.02|
233| Orion - PowerEdge C6420, Xeon Gold 6148 20C 2.4GHz, Infiniband HDR, DELL EMC Mississippi State UniversityUnited States |70,560|3.67|5.42|
234| IARA - NVIDIA DGX A100, AMD EPYC 7742 64C 2.25GHz, NVIDIA A100 SXM4 40 GB, Infiniband, Nvidia SiDiBrazil |24,800|3.66|4.13|
235| ThinkSystem SD650 V2, Xeon Platinum 8358 32C 2.6GHz, Mellanox HDR Infiniband, Lenovo Shanghai Jiao Tong UniversityChina |59,392|3.66|4.94|
236| NA10B - Lenovo ThinkSystem SR665 V2, AMD EPYC 7763 64C 2.45GHz, 100G Ethernet, Lenovo Software CompanyUnited States |184,320|3.64|7.23|
237| NA10A - Lenovo ThinkSystem SR665 V2, AMD EPYC 7763 64C 2.45GHz, 100G Ethernet, Lenovo Software CompanyUnited States |184,320|3.64|7.23|
238| NA10 - Lenovo ThinkSystem SR665 V2, AMD EPYC 7763 64C 2.45GHz, 100G Ethernet, Lenovo Software CompanyUnited States |184,320|3.64|7.23|
239| Joule 2.0 - HP ProLiant XL170r/XL190r/DL360 Gen10, Xeon Gold 6148 20C 2.4GHz, Intel Omni-Path, NVIDIA Tesla P100, HPE DOE/National Energy Technology LaboratoryUnited States |86,400|3.61|5.75|
240| Snellius Phase 1 GPU - ThinkSystem SD650-N V2, Xeon Platinum 8360Y 36C 2.4GHz, NVIDIA A100 SXM4 40 GB, Infiniband HDR, Lenovo SURFNetherlands |12,960|3.60|6.01|205
241| Niagara - ThinkSystem SD530, Xeon Gold 6248 20C 2.5GHz, InfiniBand HDR100, Lenovo SciNet/University of Toronto/Compute CanadaCanada |80,640|3.60|6.25|919
242| Fritz - Megware D50TNP, Xeon Platinum 8360Y 36C 2.4GHz, InfiniBand HDR100, MEGWARE Universitaet Erlangen - Regionales Rechenzentrum ErlangenGermany |71,424|3.58|5.45|672
243| Cray CS-Storm, Intel Xeon E5-2660v2 10C 2.2GHz, Infiniband FDR, Nvidia K40, HPE GovernmentUnited States |72,800|3.58|6.13|1,499
244| Cray CS-Storm, Intel Xeon E5-2660v2 10C 2.2GHz, Infiniband FDR, Nvidia K40, HPE GovernmentUnited States |72,800|3.58|6.13|1,499
245| Anvil - PowerEdge 6525, AMD EPYC 7763 64C 2.45GHz, InfiniBand HDR 100, DELL EMC Purdue UniversityUnited States |127,488|3.56|5.00|792
246| NOBZ1 - ThinkSystem C2397, Xeon Platinum 8280 28C 2.7GHz, Broadcom, Lenovo Software Company MBZBrazil |80,640|3.55|6.97|
247| AIC1 - ThinkSystem C2397, Xeon Platinum 8280 28C 2.7GHz, Broadcom, Lenovo Software Company MIRIreland |80,640|3.55|6.97|
248| B1A - ThinkSystem C2397, Xeon Platinum 8280 28C 2.7GHz, 100G Ethernet, Lenovo Software Company MUSUnited States |80,640|3.55|6.97|
249| Geely Wise Star-Dubhe - Lenovo ThinkSystem SD650 V3, Xeon Gold 6458Q 32C 3.1GHz, Infiniband HDR, Lenovo Geely Auto GroupChina |40,960|3.54|4.06|
250| Altair - CH121L V5 Liquid-Cooled, Xeon Platinum 8268 24C 2.9GHz, Infiniband EDR, Huawei Technologies Co., Ltd. PCSS PoznanPoland |63,360|3.53|5.88|829
251| Forerunner 1 - ASUS RS723Q-E11-RS24, Xeon Platinum 8480+ 56C 2GHz, Infiniband NDR200, ASUSTeK / ASUS Cloud / Taiwan Web Service Corporation National Center for High Performance ComputingTaiwan |62,496|3.53|4.00|615
252| ATOS THX.A.B - BullSequana XH2000, Xeon Platinum 8358 32C 2.6GHz, NVIDIA A100 SXM4 64 GB, Quad-rail NVIDIA HDR100 Infiniband, EVIDEN AtosFrance |25,056|3.50|4.98|86
253| Unizah-II - Cray CS500, Xeon Gold 6248 20C 2.5GHz, 10G Ethernet, HPE Saudi AramcoSaudi Arabia |85,560|3.49|6.84|
254| Ohtaka - PowerEdge C6525, AMD EPYC 7702 64C 2GHz, Mellanox HDR Infiniband, DELL EMC The Institute for Solid State Physics, The University of TokyoJapan |215,040|3.49|6.88|
255| Pegasus - NEC LX 102Bk-6, Xeon Platinum 8468 48C 2.1GHz, NVIDIA H100 PCIe 80 GB, Infiniband NDR 200, NEC Center for Computational Sciences, University of TsukubaJapan |21,600|3.48|6.51|68
256| BA1A - ThinkSystem HR650X, Intel Xeon Gold 8350C 32C 2.6GHz, 25G Ethernet, Lenovo Service Provider BChina |81,920|3.48|6.82|
257| CARO - NEC HPC2808Ri-2, AMD EPYC 7702 64C 2GHz, InfiniBand HDR100, NEC German Aerospace CenterGermany |174,592|3.46|5.59|
258| davinci-1 - BullSequana X, AMD EPYC 7402 24C 2.8GHz, NVIDIA A100, Mellanox HDR Infiniband, EVIDEN Leonardo SpAItaly |38,400|3.45|6.41|
259| Tenaya - HPE Cray EX235a, AMD Optimized 3rd Generation EPYC 64C 2GHz, AMD Instinct MI250X, Slingshot-11, HPE DOE/NNSA/LLNLUnited States |22,656|3.41|4.37|
260| Cedar (GPU) - PowerEdge C6420, Xeon Silver 4216 16C 2.1GHz, NVIDIA Tesla V100, Intel Omni-Path, ACTION Simon Fraser University/Compute CanadaCanada |67,584|3.37|5.83|310
261| Molecular Simulator - Apollo 2000 Gen10 Plus, AMD EPYC 7763 64C 2.45GHz, NVIDIA A100, InfiniBand HDR 100, HPE Institute for Molecular ScienceJapan |106,496|3.34|4.17|
262| ASPIRE 2A (GPU Partition) - HPE Cray EX235n, Apollo 6500, AMD EPYC 7713 64C 2GHz, NVIDIA A100 SXM4 40 GB, Slingshot-10, HPE National Supercomputing Centre SingaporeSingapore |43,648|3.33|6.48|
263| NA4 - Lenovo ThinkSystem SR650 V2, Xeon Platinum 8358 32C 2.6GHz, 100G Ethernet, Lenovo Software CompanyUnited States |85,248|3.32|7.09|
264| NA4A - Lenovo ThinkSystem SR650 V2, Xeon Platinum 8358 32C 2.6GHz, 100G Ethernet, Lenovo Software CompanyUnited States |85,248|3.32|7.09|
265| Topaz - SGI ICE X, Xeon E5-2699v3 18C 2.3GHz, Infiniband FDR, HPE ERDC DSRCUnited States |124,200|3.32|4.57|5,175
266| NVIDIA DGX-1/Relion 2904GT, Xeon E5-2698v4 20C 2.2GHz/ E5-2650v4, Infiniband EDR, NVIDIA Tesla P100/Quadro GP100, Self-made FacebookUnited States |60,512|3.31|4.90|350
267| Topaze-cpu - BullSequana XH2000, AMD EPYC 7763 64C 2.45GHz, InfiniBand HDR100, EVIDEN Commissariat a l'Energie Atomique (CEA)/CCRTFrance |110,592|3.26|4.34|
268| Damson - Bull Sequana X1000, Xeon E5-2697v4 18C 2.3GHz, Infiniband EDR, EVIDEN AWEUnited Kingdom |113,832|3.24|3.79|1,134
269| LLNL/NNSA CTS-1 MAGMA - Relion Cluster, Intel Xeon Platinum 9242 48C 2.3GHz, Intel Omni-Path, Penguin Computing, Inc. Lawrence Livermore National LaboratoryUnited States |62,400|3.24|4.59|887
270| Mustang - HPE SGI 8600, Xeon Platinum 8168 24C 2.7GHz, Intel Omni-Path, HPE Air Force Research LaboratoryUnited States |55,296|3.22|4.78|
271| NA13A - Lenovo ThinkSystem SR665 V2, AMD EPYC 7763 64C 2.45GHz, 100G Ethernet, Lenovo Software CompanyUnited States |156,160|3.20|6.12|
272| NA13 - Lenovo ThinkSystem SR665 V2, AMD EPYC 7763 64C 2.45GHz, 100G Ethernet, Lenovo Software CompanyUnited States |156,160|3.20|6.12|
273| Big Red 200, GPU Partition - HPE Cray EX235n, AMD EPYC 7713 64C 2GHz, NVIDIA A100, Slingshot-10, HPE Indiana UniversityUnited States |31,744|3.19|4.01|
274| HPC2 - iDataPlex DX360M4, Intel Xeon E5-2680v2 10C 2.8GHz, Infiniband FDR, NVIDIA K20x, IBM Eni S.p.A.Italy |72,000|3.19|4.61|1,227
275| Dream-AI - INSPUR NF5688M6, Intel Xeon Gold 6330 28C 2GHz, NVIDIA A100 SXM4 40 GB, Mellanox HDR Infiniband, Inspur GIST SCENTSouth Korea |36,960|3.18|6.42|
276| Fênix - Bull 4029GP-TVRT, Xeon Gold 5122 4C 3.6GHz, NVIDIA Tesla V100, Infiniband EDR, EVIDEN Petróleo Brasileiro S.ABrazil |60,480|3.16|5.37|390
277| Toubkal - PowerEdge C6420, CRC-StackHPC, Xeon Platinum 8276L 28C 2.2GHz, Mellanox InfiniBand HDR100, DELL EMC Mohammed VI Polytechnic University - African Supercomputing CentreMorocco |71,232|3.16|5.01|
278| ThinkSystem C2397, Xeon Platinum 8280 28C 2.7GHz, 100G Ethernet, Lenovo Software Company MUSUnited States |71,680|3.15|6.19|
279| B5A - ThinkSystem C2397, Xeon Platinum 8280 28C 2.7GHz, 100G Ethernet, Lenovo Software Company MUSUnited States |71,680|3.15|6.19|
280| AID1 - ThinkSystem C2397, Xeon Platinum 8280 28C 2.7GHz, Broadcom, Lenovo Software Company MIRIreland |71,680|3.15|6.19|
281| NOJP1 - ThinkSystem C2397, Xeon Platinum 8280 28C 2.7GHz, Broadcom, Lenovo Software Company MJPJapan |71,680|3.15|6.19|
282| NONY1 - ThinkSystem C2397, Xeon Platinum 8280 28C 2.7GHz, Broadcom, Lenovo Software Company MNYNorway |71,680|3.15|6.19|
283| NO6 - ThinkSystem C2397, Xeon Platinum 8280 28C 2.7GHz, Broadcom, Lenovo Software Company MUSUnited States |71,680|3.15|6.19|
284| Lichtenberg II (Phase 1) - MEGWARE MiriQuid, Intel Xeon Platinum 9242 48C 2.3GHz, Mellanox InfiniBand HDR100, MEGWARE Technische Universitaet DarmstadtGermany |59,136|3.15|4.35|690
285| Cray XC30, Intel Xeon E5-2697v2 12C 2.7GHz, Aries interconnect , HPE GovernmentUnited States |225,984|3.14|4.88|6,328
286| CLAIX-2023 (CPU segment) - NEC HPC1808Rk-2 DLC, Xeon Platinum 8468 48C 2.1GHz, Infiniband NDR, NEC Universitaet Aachen/RWTH - IT CenterGermany |57,408|3.13|3.81|676
287| B2G - ThinkSystem C0366, Xeon Gold 6252 24C 2.1GHz, 100G Ethernet, Lenovo Software Company MNEDNetherlands |92,160|3.13|6.19|
288| A1C - ThinkSystem C0366, Xeon Gold 6252 24C 2.1GHz, 100G Ethernet, Lenovo Software Company MSGSingapore |92,160|3.13|6.19|
289| A5A - ThinkSystem C0366, Xeon Gold 6252 24C 2.1GHz, 100G Ethernet, Lenovo Software Company MUSUnited States |92,160|3.13|6.19|
290| A1A - ThinkSystem C0366, Xeon Gold 6252 24C 2.1GHz, 100G Ethernet, Lenovo Software Company MUSUnited States |92,160|3.13|6.19|
291| A1A - ThinkSystem C0366, Xeon Gold 6252 24C 2.1GHz, 100G Ethernet, Lenovo Software Company MUSUnited States |92,160|3.13|6.19|
292| NO4 - ThinkSystem C0366, Xeon Gold 6252 24C 2.1GHz, 100G Ethernet, Lenovo Software Company MUSUnited States |92,160|3.13|6.19|
293| NA8B - Lenovo ThinkSystem SR650 V2, Xeon Platinum 8358 32C 2.6GHz, 100G Ethernet, Lenovo Software CompanyUnited States |84,096|3.13|7.00|
294| NA8A - Lenovo ThinkSystem SR650 V2, Xeon Platinum 8358 32C 2.6GHz, 100G Ethernet, Lenovo Software CompanyUnited States |84,096|3.13|7.00|
295| NA8 - Lenovo ThinkSystem SR650 V2, Xeon Platinum 8358 32C 2.6GHz, 100G Ethernet, Lenovo Software CompanyUnited States |84,096|3.13|7.00|
296| NA8 - Lenovo ThinkSystem SR650 V2, Xeon Platinum 8358 32C 2.6GHz, 100G Ethernet, Lenovo Software CompanyUnited States |84,096|3.13|7.00|
297| NA8Z - Lenovo ThinkSystem SR650 V2, Xeon Platinum 8358 32C 2.6GHz, 100G Ethernet, Lenovo Software CompanyUnited States |84,096|3.13|7.00|
298| Thunder - SGI ICE X, Xeon E5-2699v3/E5-2697 v3, Infiniband FDR, NVIDIA Tesla K40, Intel Xeon Phi 7120P, HPE Air Force Research LaboratoryUnited States |152,692|3.13|5.61|4,820
299| HoreKa-Teal - ThinkSystem SD665-N V3, AMD EPYC 9354 32C 3.25GHz, Nvidia H100 94Gb SXM5, Infiniband NDR200, Lenovo Karlsruher Institut für Technologie (KIT) Germany |13,616|3.12|5.96|50
300| Komondor - HPE Cray EX, AMD EPYC 7763 64C 2.45GHz, NVIDIA A100 SXM4 40 GB, Slingshot-11, HPE Governmental Information-Technology Development Agency (KIFÜ)Hungary |27,776|3.10|4.51|110
301| Lichtenberg II (Phase 2) - ThinkSystem SD650 V3, Xeon Platinum 8470Q 52C 2.1GHz, InfiniBand HDR100, Lenovo Technische Universitaet DarmstadtGermany |59,904|3.10|4.03|
302| VEGA HPC GPU - BullSequana XH2000, AMD EPYC 7H12 64C 2.6GHz, NVIDIA A100, Infiniband HDR, EVIDEN IZUMSlovenia |33,600|3.10|4.68|
303| Lenovo HR650x, Xeon Gold 6133 20C 2.5GHz, 25G Ethernet, Lenovo Service Provider TChina |76,000|3.09|6.08|
304| Alps - HPE Cray EX, AMD EPYC 7742 64C 2.25GHz, Slingshot-10, HPE Swiss National Supercomputing Centre (CSCS)Switzerland |128,000|3.09|4.61|638
305| Helios CPU - HPE Cray EX, AMD EPYC 9654 96C 2.4GHz, Slingshot-11, HPE CyfronetPoland |75,264|3.09|3.35|454
306| Numerical Materials Simulator - HPE SGI 8600, Xeon Platinum 8268 24C 2.9GHz, Dual-rail Intel Omni-Path, HPE National Institute for Materials ScienceJapan |53,568|3.08|4.97|691
307| Hera - Cray CS500, Xeon Gold 6148 20C 2.4GHz, Infiniband HDR, HPE NOAA Environmental Security Computer CenterUnited States |63,840|3.08|4.88|
308| Camphor 2 - Cray XC40, Intel Xeon Phi 7250 68C 1.4GHz, Aries interconnect , HPE Academic Center for Computing and Media Studies (ACCMS), Kyoto UniversityJapan |122,400|3.06|5.48|748
309| Jean Zay - HPE SGI 8600, Xeon Gold 6248 20C 2.5GHz, Intel Omni-Path, HPE CNRS/IDRIS-GENCIFrance |61,120|3.05|4.87|
310| Barnard - EVIDEN BullSequana X2140, Xeon Platinum 8470 52C 2GHz, Mellanox HDR Infiniband, EVIDEN TU Dresden, ZIHGermany |65,520|3.05|4.05|536
311| Palmetto2 - PowerEdge R740/R740xd/R750, Xeon 8358/6148/6248/6238R/6258R, NVIDIA Tesla A100 80G/40G, InfiniBand HDR100, DELL EMC Clemson UniversityUnited States |52,080|3.01|4.58|
312| Mistral - bullx DLC 720, Xeon E5-2680v3 12C 2.5GHz/E5-2695V4 18C 2.1Ghz, Infiniband FDR, EVIDEN DKRZ - Deutsches KlimarechenzentrumGermany |99,072|3.01|3.96|1,116
313| ARF - ThinkSystem SD650 v3, Xeon Platinum 8480+ 56C 2GHz, Infiniband NDR200, Lenovo TRUBATurkey |55,552|3.00|3.56|
314| NO3 - ThinkSystem C0366, Xeon Gold 6252 24C 2.1GHz, 100G Ethernet, Lenovo Software Company MUSUnited States |88,320|3.00|5.94|
315| Lenovo HR650x, Xeon Gold 6133 20C 2.5GHz, 25G Ethernet, Lenovo Service Provider TChina |73,600|2.99|5.89|
316| HHH1 - ThinkSystem HR650X, Xeon Gold 6233 24C 2.5GHz, 25G Ethernet, Lenovo Service Provider TChina |80,640|2.98|6.45|
317| III1 - ThinkSystem HR650X, Xeon Gold 6233 24C 2.5GHz, 25G Ethernet, Lenovo Service Provider TChina |79,680|2.98|6.37|
318| Tetralith - Intel H2204XXLRE, Xeon Gold 6130 16C 2.1GHz, Intel Omni-Path, ClusterVision / Hammer National Supercomputer Centre (NSC)Sweden |64,512|2.97|4.34|
319| NEC HPC 124Rj-1, Xeon Platinum 8358 32C 2.6GHz, Intel Omni-Path, NEC Volkswagen AG at Green Mountain A/SNorway |53,568|2.96|4.46|
320| JJJ1 - ThinkSystem HR650X, Xeon Gold 6233 24C 2.5GHz, 25G Ethernet, Lenovo Service Provider TChina |78,720|2.93|6.30|
321| Lenovo HR650x, Xeon Gold 6133 20C 2.5GHz, 25G Ethernet, Lenovo Service Provider TChina |72,000|2.93|5.76|
322| A9A - ThinkSystem C0366, Xeon Gold 6252 24C 2.1GHz, 100G Ethernet, Lenovo Software Company MUSUnited States |86,016|2.92|5.78|
323| A6A - ThinkSystem C0366, Xeon Gold 6252 24C 2.1GHz, 100G Ethernet, Lenovo Software Company MUSUnited States |86,016|2.92|5.78|
324| Jean - Liqid Cluster, Intel Xeon Platinum 9242 48C 2.3GHz, Infiniband HDR, Liqid Army Research Laboratory DoD Supercomputing Resource Center (ARL DSRC)United States |55,296|2.92|4.07|
325| KKK1 - ThinkSystem HR650X, Xeon Gold 6233 24C 2.5GHz, 25G Ethernet, Lenovo Service Provider TChina |77,760|2.91|6.22|
326| Inspur TS10000 HPC Server, Xeon Gold 6248R 24C 3GHz, InfiniBand HDR 100, Inspur Central South UniversityChina |49,056|2.89|4.71|
327| LLL1 - ThinkSystem HR650X, Xeon Gold 6233 24C 2.5GHz, 25G Ethernet, Lenovo Service Provider TChina |76,800|2.88|6.14|
328| Henri - ThinkSystem SR670 V2, Intel Xeon Platinum 8362 32C 2.8GHz, NVIDIA H100 80GB PCIe, Infiniband HDR, Lenovo Flatiron InstituteUnited States |8,288|2.88|3.58|44
329| ThinkSystem HR650X, Xeon Gold 6230R 26C 2.1GHz, 10G Ethernet, Lenovo Service Provider KChina |93,600|2.87|6.29|
330| A8A - ThinkSystem C0366, Xeon Gold 6252 24C 2.1GHz, 100G Ethernet, Lenovo Software Company MUSUnited States |84,480|2.87|5.68|
331| A8A - ThinkSystem C0366, Xeon Gold 6252 24C 2.1GHz, 100G Ethernet, Lenovo Software Company MUSUnited States |84,480|2.87|5.68|
332| A3A - ThinkSystem C0366, Xeon Gold 6252 24C 2.1GHz, 100G Ethernet, Lenovo Software Company MUSUnited States |84,480|2.87|5.68|
333| A14A - ThinkSystem C0366, Xeon Gold 6252 24C 2.1GHz, 100G Ethernet, Lenovo Software Company MUSUnited States |84,480|2.87|5.68|
334| A14A - ThinkSystem C0366, Xeon Gold 6252 24C 2.1GHz, 100G Ethernet, Lenovo Software Company MUSUnited States |84,480|2.87|5.68|
335| ThinkSystem SR650, Xeon Gold 6238 22C 2.1GHz, 10G Ethernet, Lenovo Financial Services PChina |94,160|2.87|6.33|
336| MMM1 - ThinkSystem HR650X, Xeon Gold 6233 24C 2.5GHz, 25G Ethernet, Lenovo Service Provider TChina |75,840|2.86|6.07|
337| Karolina, CPU partition - Apollo 2000, AMD EPYC 7H12 64C 2.6GHz, InfiniBand HDR 100, HPE IT4Innovations National Supercomputing Center, VSB-Technical University of OstravaCzechia |92,160|2.84|3.83|503
338| NNN1 - ThinkSystem HR650X, Xeon Gold 6233 24C 2.5GHz, 25G Ethernet, Lenovo Service Provider TChina |74,880|2.83|5.99|
339| Freeman - Cray CS500, AMD EPYC 7542 32C 2.9GHz, Mellanox InfiniBand HDR100, HPE ERDC DSRCUnited States |79,104|2.83|3.67|
340| SuperMUC Phase 2 - NeXtScale nx360M5, Xeon E5-2697v3 14C 2.6GHz, Infiniband FDR14, Lenovo/IBM Leibniz RechenzentrumGermany |86,016|2.81|3.58|1,481
341| OOO1 - ThinkSystem HR650X, Xeon Gold 6233 24C 2.5GHz, 25G Ethernet, Lenovo Service Provider TChina |73,920|2.80|5.91|
342| Cray XC40, Xeon E5-2695v4 18C 2.1GHz, Aries interconnect , HPE United Kingdom Meteorological OfficeUnited Kingdom |89,856|2.80|3.02|1,348
343| Cray XC40, Xeon E5-2695v4 18C 2.1GHz, Aries interconnect , HPE United Kingdom Meteorological OfficeUnited Kingdom |89,856|2.80|3.02|1,348
344| JFRS-1 - Cray XC50, Xeon Gold 6148 20C 2.4GHz, Aries interconnect , HPE Rokkasho Fusion Institute, National Institutes for Quantum and Radiological Science and TechnologyJapan |54,560|2.79|4.19|698
345| Lenovo HR650x, Xeon Gold 6133 20C 2.5GHz, 25G Ethernet, Lenovo Service Provider TChina |68,000|2.78|5.44|
346| NEC LX HPC 224Rk-1, AMD EPYC 9454 48C 2.75GHz, Intel Omni-Path, NEC Volkswagen AG at Green Mountain A/SNorway |59,520|2.78|3.48|
347| ThinkSystem HR650X, Xeon Gold 6233 24C 2.5GHz, 10G Ethernet, Lenovo Service Provider TChina |72,960|2.77|5.84|
348| Spartan3 - BullSequana XH2000, AMD EPYC 7763 64C 2.45GHz, Mellanox InfiniBand HDR100, EVIDEN AtosFrance |92,160|2.75|3.61|
349| ZZ2 - ThinkSystem HR650X, Xeon Gold 6133 20C 2.5GHz, 10G Ethernet, Lenovo Service Provider TChina |67,200|2.75|5.38|
350| ThinkSystem SR650, Xeon Gold 6248 20C 2.5GHz, 25G Ethernet, Lenovo Service Provider TChina |66,400|2.75|5.31|
351| ThinkSystem SR650, Xeon Gold 6240 18C 2.6GHz, NVIDIA Tesla V100, Infiniband EDR, Lenovo GovernmentChina |59,976|2.74|5.35|
352| ThinkSystem HR650X, Xeon Gold 6233 24C 2.5GHz, 10G Ethernet, Lenovo Service Provider TChina |72,000|2.74|5.76|
353| VSC-4 - ThinkSystem SD650, Xeon Platinum 8174 24C 3.1GHz, Intel Omni-Path, Lenovo Vienna Scientific ClusterAustria |37,920|2.73|3.76|
354| SNL/NNSA CTS-1 Attaway - Tundra Extreme Scale, Xeon Gold 6140 18C 2.3GHz, Intel Omni-Path, Penguin Computing, Inc. Sandia National LaboratoriesUnited States |52,920|2.72|3.89|750
355| ZZ3 - ThinkSystem HR650X, Xeon Gold 6133 20C 2.5GHz, 10G Ethernet, Lenovo Service Provider TChina |66,400|2.72|5.31|
356| Lucia - Apollo 6500, AMD EPYC 7513 32C 2.6GHz, NVIDIA A100 SXM4 40 GB, Mellanox HDR Infiniband, HPE CenaeroBelgium |23,200|2.72|3.09|
357| ThinkSystem HR650X, Xeon Gold 6233 24C 2.5GHz, 10G Ethernet, Lenovo Service Provider TChina |71,040|2.71|5.68|
358| ZZ4 - ThinkSystem HR650X, Xeon Gold 6133 20C 2.5GHz, 10G Ethernet, Lenovo Service Provider TChina |65,600|2.69|5.25|
359| ThinkSystem HR650X, Xeon Gold 6233 24C 2.5GHz, 10G Ethernet, Lenovo Service Provider TChina |70,080|2.68|5.61|
360| Banting - Cray XC50, Xeon Gold 6148 20C 2.4GHz, Aries interconnect , HPE Shared Services CanadaCanada |53,200|2.68|4.09|
361| Hypercluster - NVIDIA DGX-2, Xeon Platinum 8168 24C 2.7GHz, NVIDIA Tesla V100, Mellanox InfiniBand EDR, Nvidia Microsoft Research United States |47,808|2.67|4.22|
362| A14A - ThinkSystem C0366, Xeon Gold 6252 24C 2.1GHz, 100G Ethernet, Lenovo Software Company MCACanada |78,336|2.66|5.26|
363| NO2 - ThinkSystem C0366, Xeon Gold 6252 24C 2.1GHz, 100G Ethernet, Lenovo Software Company MUSUnited States |78,336|2.66|5.26|
364| ZZ5 - ThinkSystem HR650X, Xeon Gold 6133 20C 2.5GHz, 10G Ethernet, Lenovo Service Provider TChina |64,800|2.66|5.18|
365| ZZ6 - ThinkSystem HR650X, Xeon Gold 6233 24C 2.5GHz, 10G Ethernet, Lenovo Service Provider TChina |69,120|2.65|5.53|
366| ThinkSystem SR590, Xeon Gold 5218 16C 2.3GHz, 10G Ethernet, Lenovo Cloud CompanyChina |128,000|2.65|4.71|
367| Grace - PowerEdge R640/R740/R840, Xeon Gold 6248R/6248R/6248, 24C 3.0GHz, InfiniBand HDR100, DELL EMC Texas A&M UniversityUnited States |43,200|2.64|4.83|
368| LLNL/NNSA CTS-1 Jade - Tundra Extreme Scale, Xeon E5-2695v4 18C 2.1GHz, Intel Omni-Path, Penguin Computing, Inc. Lawrence Livermore National LaboratoryUnited States |95,472|2.63|3.21|13,620
369| LLNL CTS-1 Quartz - Tundra Extreme Scale, Xeon E5-2695v4 18C 2.1GHz, Intel Omni-Path, Penguin Computing, Inc. Lawrence Livermore National LaboratoryUnited States |95,472|2.63|3.21|13,620
370| NEA1 - ThinkSystem SR630, Intel Xeon Gold 4214R 12C 2.4GHz, 10G Ethernet, Lenovo Service Provider NEChina |144,000|2.63|5.53|
371| Lenovo HR650x, Xeon Gold 6133 20C 2.5GHz, 25G Ethernet, Lenovo Service Provider TChina |64,000|2.62|5.12|
372| Inspur TS10000, Xeon Gold 6258R 28C 2.7GHz, InfiniBand HDR100, Inspur Tsinghua UniversityChina |50,400|2.61|4.35|
373| A7A - ThinkSystem C0366, Xeon Gold 6252 24C 2.1GHz, 100G Ethernet, Lenovo Software Company MUSUnited States |76,800|2.61|5.16|
374| A7A - ThinkSystem C0366, Xeon Gold 6252 24C 2.1GHz, 100G Ethernet, Lenovo Software Company MUSUnited States |76,800|2.61|5.16|
375| A1B - ThinkSystem C0366, Xeon Gold 6252 24C 2.1GHz, 100G Ethernet, Lenovo Software Company MUSUnited States |76,800|2.61|5.16|
376| NO1 - ThinkSystem C0366, Xeon Gold 6252 24C 2.1GHz, 100G Ethernet, Lenovo Software Company MUSUnited States |76,800|2.61|5.16|
377| ThinkSystem HR650X, Xeon Gold 6233 24C 2.5GHz, 10G Ethernet, Lenovo Service Provider TChina |68,160|2.61|5.45|
378| Cedar (CPU) - PowerEdge C6420, Xeon Platinum 8160 24C 2.1GHz, Intel Omni-Path, ACTION Simon Fraser University/Compute CanadaCanada |67,584|2.61|4.90|792
379| Daley - Cray XC50, Xeon Gold 6148 20C 2.4GHz, Aries interconnect , HPE Shared Services CanadaCanada |53,200|2.60|4.09|
380| AlphaCentauri - NEC HPC 22S8Ri-4, EPYC 7352 24C 2.3GHz, NVIDIA A100 SXM4 40 GB, Infiniband HDR200, NEC TU Dresden, ZIHGermany |31,008|2.59|5.36|164
381| HPC3 - Lenovo NeXtScale nx360M5, Xeon E5-2697v4 18C 2.3GHz, Infiniband EDR, NVIDIA Tesla K80, Lenovo Energy Company (A)Italy |66,000|2.59|3.80|
382| ThinkSystem SR650, Xeon Gold 6248 20C 2.5GHz, 25G Ethernet, Lenovo Service Provider TChina |62,400|2.59|4.99|
383| Conesus - PowerEdge C6220, Xeon Platinum 8480+ 56C 2GHz, Infiniband HDR200, DELL EMC University of Rochester - Laboratory for Laser EnergeticsUnited States |43,008|2.59|2.75|409
384| ThinkSystem HR650X, Xeon Gold 6233 24C 2.5GHz, 25G Ethernet, Lenovo Service Provider TChina |64,320|2.58|5.15|
385| ThinkSystem HR650X, Xeon Gold 6230R 26C 2.1GHz, 10G Ethernet, Lenovo Service Provider KChina |83,200|2.58|5.59|
386| ASPIRE 2A (CPU Partition) - HPE Cray EX425, AMD EPYC 7713 64C 2GHz, Slingshot-10, HPE National Supercomputing Centre SingaporeSingapore |98,304|2.58|3.11|
387| ThinkSystem HR650X, Xeon Gold 6233 24C 2.5GHz, 10G Ethernet, Lenovo Service Provider TChina |67,200|2.57|5.38|
388| Mihir - Cray XC40, Xeon E5-2695v4 18C 2.1GHz, Aries interconnect , HPE National Centre for Medium Range Weather ForecastingIndia |83,592|2.57|2.81|955
389| Spartan2 - Bull Sequana XH2000 , AMD EPYC 7402 24C 2.8GHz, NVIDIA A100, Mellanox HDR Infiniband, EVIDEN AtosFrance |23,040|2.57|3.85|106
390| PRIMERGY CX2550M7, Xeon CPU Max 9480 56C 1.9GHz, Infiniband NDR200, Fujitsu Japan Meteorological AgencyJapan |55,552|2.55|3.38|438
391| PRIMERGY CX2550M7, Xeon CPU Max 9480 56C 1.9GHz, Infiniband NDR200, Fujitsu Japan Meteorological AgencyJapan |55,552|2.55|3.38|438
392| PAI-BSystem - Sugon TC4600LP/W740I, Xeon Gold 6142 16C 2.6GHz, Infiniband EDR, NVIDIA Tesla P100, Sugon China Meteorological AdministrationChina |50,816|2.55|4.23|710
393| cascade - Atipa Visione IF442 Blade Server, Xeon E5-2670 8C 2.600GHz, Infiniband FDR, Intel Xeon Phi 5110P, Atipa Technology DOE/SC/Pacific Northwest National LaboratoryUnited States |194,616|2.54|3.39|1,384
394| Rattler - PowerEdge XE8545, AMD EPYC 7713 64C 2GHz, NVIDIA A100 80GB​, Infiniband HDR200 dual rail, DELL EMC Dell Technologies HPC & AI Innovation LabUnited States |26,880|2.53|3.94|
395| HEMUS - HPE Proliant XL675d Gen10 Plus, AMD EPYC 7742 64C 2.25GHz, NVIDIA A100 SXM4 40 GB, Infiniband HDR, HPE Institute of Information and Communication Technologies at the Bulgarian Academy of SciencesBulgaria |19,840|2.53|3.21|
396| Improv - PowerEdge R6525, AMD EPYC 7713 64C 2GHz, Infiniband, DELL EMC DOE/SC/Argonne National LaboratoryUnited States |105,600|2.51|3.38|
397| UltraViolet - PowerEdge R750XA, AMD EPYC 7402 24C 2.8GHz, NVIDIA Tesla A100 80G, Mellanox HDR Infiniband, DELL EMC NYU Langone HealthUnited States |27,680|2.50|4.71|
398| occigen2 - bullx DLC 720, Xeon E5-2690v4 14C 2.6GHz, Infiniband FDR, EVIDEN Grand Equipement National de Calcul Intensif - Centre Informatique National de l'Enseignement Suprieur (GENCI-CINES)France |85,824|2.49|3.57|1,430
399| Crash1 - ThinkSystem SD650 V2, Xeon Platinum 8358 32C 2.6GHz, Mellanox HDR Infiniband, Lenovo Automotive CompanySweden |40,448|2.49|3.37|
400| ThinkSystem HR650X, Xeon Gold 6233 24C 2.5GHz, 25G Ethernet, Lenovo Service Provider TChina |61,440|2.49|4.92|
401| Excalibur - Cray XC40, Xeon E5-2698v3 16C 2.3GHz, Aries interconnect , HPE Army Research Laboratory DoD Supercomputing Resource Center (ARL DSRC)United States |100,064|2.48|3.68|1,466
402| CLAIX (2018) - INTEL-HNS2600BPB, Xeon Platinum 8160 24C 2.1GHz, Intel Omni-Path, NEC Universitaet Aachen/RWTH - IT CenterGermany |61,200|2.48|4.11|692
403| Expanse - PowerEdge R6525/C6525, AMD EPYC 7742, AMD EPYC 7742 64C, Mellanox HDR Infiniband, DELL EMC UCSD/San Diego Supercomputer CenterUnited States |91,648|2.48|3.30|
404| Inspur NF5468M5, Xeon Gold 6242 16C 2.8GHz, NVIDIA Tesla V100, 100G Ethernet, Inspur Manufacturing Industry (O)China |50,400|2.48|4.68|
405| Inspur NF5468M5, Xeon Gold 6242 16C 2.8GHz, NVIDIA Tesla V100, 100G Ethernet, Inspur Manufacturing Industry (O)China |50,400|2.48|4.68|
406| Lomonosov 2 - T-Platform A-Class Cluster, Xeon E5-2697v3 14C 2.6GHz,Intel Xeon Gold 6126, Infiniband FDR, Nvidia K40m/P-100, T-Platforms Moscow State University - Research Computing CenterRussia |64,384|2.48|4.95|
407| Kay - Liqid Cluster, Intel Xeon Platinum 9242 48C 2.3GHz, Infiniband HDR, Liqid Army Research Laboratory DoD Supercomputing Resource Center (ARL DSRC)United States |46,848|2.48|3.45|
408| B1 - Lenovo HR650x, Xeon Gold 6133 20C 2.5GHz, 25G Ethernet, Lenovo Service Provider TChina |60,000|2.46|4.80|
409| Centennial - SGI ICE XA, Xeon E5-2698v4 20C 2.2GHz, Infiniband EDR, HPE US Army Research Laboratory (ARL)United States |73,920|2.44|2.60|835
410| Greene-H100 - ThinkSystem SD665-N V3, AMD EPYC 9454 48C 2.75GHz, NVIDIA H100 80GB, Infiniband HDR, Lenovo New York UniversityUnited States |9,360|2.44|3.13|52
411| PAI-ASystem - Sugon TC4600, Xeon Gold 6142 16C 2.6GHz, Infiniband EDR, Sugon China Meteorological AdministrationChina |48,128|2.44|4.00|740
412| C1 - Lenovo HR650x, Xeon Gold 6133 20C 2.5GHz, 25G Ethernet, Lenovo Service Provider TChina |59,200|2.43|4.74|
413| Big Red 200 - HPE Cray EX425, AMD EPYC 7742 64C 2.25GHz, Slingshot-10, HPE Indiana UniversityUnited States |84,480|2.43|3.04|
414| ThinkSystem SR590, Xeon Gold 5218 16C 2.3GHz, 10G Ethernet, Lenovo DJIT CompanyChina |115,200|2.43|4.24|
415| Sol - PowerEdge XE8545, AMD EPYC 7413 24C 2.65GHz, NVIDIA A100 SXM4 80 GB, MT28908 ConnectX-6 200 Gib/s, DELL EMC Arizona State UniversityUnited States |41,856|2.42|3.51|
416| D1 - Lenovo HR650x, Xeon Gold 6133 20C 2.5GHz, 25G Ethernet, Lenovo Service Provider TChina |58,800|2.42|4.70|
417| ThinkSystem SR590, Xeon Gold 5218 16C 2.3GHz, 10G Ethernet, Lenovo Service Provider TChina |113,600|2.40|4.18|
418| E1 - Lenovo HR650x, Xeon Gold 6133 20C 2.5GHz, 25G Ethernet, Lenovo Service Provider TChina |58,000|2.39|4.64|
419| Cannon2-A100 - ThinkSystem SD650-N V2, Intel Xeon Platinum 8362 32C 2.8GHz, NVIDIA HGX A100 80GB 500W, Infiniband HDR, Lenovo Harvard UniversityUnited States |17,856|2.38|2.81|87
420| ThinkSystem HR650X, Xeon Gold 6233 24C 2.5GHz, 25G Ethernet, Lenovo Service Provider TChina |58,560|2.38|4.68|
421| ThinkSystem SR590, Xeon Gold 5218 16C 2.3GHz, 10G Ethernet, Lenovo Service Provider TChina |112,000|2.37|4.12|
422| B2F - ThinkSystem C2397, Xeon Platinum 8280 28C 2.7GHz, 100G Ethernet, Lenovo Software Company MNEDNetherlands |53,760|2.36|4.64|
423| B2E - ThinkSystem C2397, Xeon Platinum 8280 28C 2.7GHz, 100G Ethernet, Lenovo Software Company MNEDNetherlands |53,760|2.36|4.64|
424| B2B - ThinkSystem C2397, Xeon Platinum 8280 28C 2.7GHz, 100G Ethernet, Lenovo Software Company MNEDNetherlands |53,760|2.36|4.64|
425| B2D - ThinkSystem C2397, Xeon Platinum 8280 28C 2.7GHz, 100G Ethernet, Lenovo Software Company MUSUnited States |53,760|2.36|4.64|
426| B2C - ThinkSystem C2397, Xeon Platinum 8280 28C 2.7GHz, 100G Ethernet, Lenovo Software Company MUSUnited States |53,760|2.36|4.64|
427| B2A - ThinkSystem C2397, Xeon Platinum 8280 28C 2.7GHz, 100G Ethernet, Lenovo Software Company MUSUnited States |53,760|2.36|4.64|
428| NOG1 - ThinkSystem C2397, Xeon Platinum 8280 28C 2.7GHz, Broadcom, Lenovo Software Company MGERGermany |53,760|2.36|4.64|
429| NON1 - ThinkSystem C2397, Xeon Platinum 8280 28C 2.7GHz, Broadcom, Lenovo Software Company MNEDNetherlands |53,760|2.36|4.64|
430| NOUK1 - ThinkSystem C2397, Xeon Platinum 8280 28C 2.7GHz, Broadcom, Lenovo Software Company MUKUnited Kingdom |53,760|2.36|4.64|
431| NVIDIA DGX SuperPOD - NVIDIA DGX A100, AMD EPYC 7742 64C 2.25GHz, NVIDIA A100, Mellanox HDR Infiniband, Nvidia NVIDIA CorporationUnited States |19,840|2.36|2.81|90
432| ZZ1 - ThinkSystem HR630X, Xeon Silver 4110 8C 2.1GHz, 10G Ethernet, Lenovo Service Provider TChina |153,600|2.35|10.32|
433| A12A - ThinkSystem C0366, Xeon Gold 6252 24C 2.1GHz, 100G Ethernet, Lenovo Software Company MIRIreland |69,120|2.35|4.64|
434| A11A - ThinkSystem C0366, Xeon Gold 6252 24C 2.1GHz, 100G Ethernet, Lenovo Software Company MIRIreland |69,120|2.35|4.64|
435| A17A - ThinkSystem C0366, Xeon Gold 6252 24C 2.1GHz, 100G Ethernet, Lenovo Software Company MNYNorway |69,120|2.35|4.64|
436| A17A - ThinkSystem C0366, Xeon Gold 6252 24C 2.1GHz, 100G Ethernet, Lenovo Software Company MSWSwitzerland |69,120|2.35|4.64|
437| UK2 - ThinkSystem C0366, Xeon Gold 6252 24C 2.1GHz, 100G Ethernet, Lenovo Software Company MUKUnited Kingdom |69,120|2.35|4.64|
438| UK1 - ThinkSystem C0366, Xeon Gold 6252 24C 2.1GHz, 100G Ethernet, Lenovo Software Company MUKUnited Kingdom |69,120|2.35|4.64|
439| B1B - ThinkSystem C2397, Xeon Gold 6252 24C 2.1GHz, 100G Ethernet, Lenovo Software Company MUSUnited States |69,120|2.35|4.64|
440| A10A - ThinkSystem C0366, Xeon Gold 6252 24C 2.1GHz, 100G Ethernet, Lenovo Software Company MUSUnited States |69,120|2.35|4.64|
441| A4A - ThinkSystem C0366, Xeon Gold 6252 24C 2.1GHz, 100G Ethernet, Lenovo Software Company MUSUnited States |69,120|2.35|4.64|
442| Ares - CH121L V5 Liquid-Cooled, Xeon Platinum 8268 24C 2.9GHz, Infiniband EDR, Huawei Technologies Co., Ltd. CyfronetPoland |37,824|2.34|3.51|487
443| Inspur NF5468M5, Xeon 8260M 24C 2.4GHz, NVIDIA Tesla V100, 100G Ethernet, Inspur Internet CompanyChina |48,160|2.34|4.37|
444| Inspur NF5468M5, Xeon 8260M 24C 2.4GHz, NVIDIA Tesla V100, 100G Ethernet, Inspur Internet CompanyChina |48,160|2.34|4.37|
445| Baskerville - ThinkSystem SR670 V2, Xeon Platinum 8360Y 36C 2.4GHz, NVIDIA A100, Infiniband HDR, Lenovo University of BirminghamUnited Kingdom |26,208|2.34|4.34|
446| HoreKa-Blue - ThinkSystem SD650 V2, Xeon Platinum 8368 38C 2.4GHz, Mellanox HDR Infiniband, Lenovo Karlsruher Institut für Technologie (KIT) Germany |45,752|2.33|3.51|495
447| Inspur NF5468M5, Xeon Gold 6130 16C 2.1GHz, NVIDIA Tesla V100, 25G Ethernet, Inspur Internet Service PChina |53,760|2.33|4.48|
448| Inspur NF5468M5, Xeon Gold 6130 16C 2.1GHz, NVIDIA Tesla V100, 25G Ethernet, Inspur Internet Service PChina |53,760|2.33|4.48|
449| Inspur NF5468M5, Xeon Gold 6130 16C 2.1GHz, NVIDIA Tesla V100, 25G Ethernet, Inspur Internet Service PChina |53,760|2.33|4.48|
450| Makman-3 - PowerEdge R440/C6320p, Intel Xeon Phi 7250/Xeon Gold 6130 16C 2.1GHz, Intel Omni-Path, DELL EMC Saudi AramcoSaudi Arabia |53,300|2.32|3.58|608
451| Champollion - Apollo 6500, AMD EPYC 7763 64C 2.45GHz, NVIDIA A100 SXM4 80 GB, Mellanox HDR Infiniband, HPE Hewlett Packard EnterpriseFrance |19,840|2.32|2.52|60
452| F1 - Lenovo HR650x, Xeon Gold 6133 20C 2.5GHz, 25G Ethernet, Lenovo Service Provider TChina |56,000|2.32|4.48|
453| Inspur TS10000 HPC Server, Xeon Gold 6226R 16C 2.9GHz, NVIDIA Tesla V100, 25G Ethernet, Inspur Energy Company BChina |49,920|2.32|4.41|
454| ThinkSystem SR590, Xeon Gold 5218 16C 2.3GHz, 10G Ethernet, Lenovo Service Provider TChina |108,800|2.31|4.00|
455| VSC-5 - MEGWARE SLIDESX, AMD EPYC 7713 64C 2GHz, Infiniband HDR, MEGWARE Vienna Scientific ClusterAustria |95,232|2.31|3.05|516
456| Taiwania 3 - QCT QuantaPlex T42D-2U/4N, Xeon Platinum 8280 28C 2.7GHz, InfiniBand HDR 100, Quanta Computer / Taiwan Fixed Network / ASUS Cloud National Center for High Performance ComputingTaiwan |50,400|2.30|4.35|564
457| Longhorn - IBM Power System AC922, IBM POWER9 20C 3.6GHz, NVIDIA Tesla V100 SXM2, Infiniband EDR, IBM Texas Advanced Computing Center/Univ. of TexasUnited States |37,440|2.29|2.87|
458| Wilkes-3 - PowerEdge XE8545, AMD EPYC 7763 64C 2.45GHz, NVIDIA A100 80GB​, Infiniband HDR200 dual rail, DELL EMC University of CambridgeUnited Kingdom |26,880|2.29|6.64|74
459| Inspur TS10000, Xeon Gold 6130 16C 2.1GHz, NVIDIA Tesla V100, 25G Ethernet, Inspur Internet Service PChina |55,104|2.29|4.89|
460| MeluXina - Cluster Module - BullSequana XH2000, AMD EPYC 7H12 64C 2.6GHz, Mellanox HDR200 InfiniBand/ParTec ParaStation ClusterSuite, EVIDEN LuxProvideLuxembourg |73,344|2.29|3.00|377
461| Inspur NF5468M5, Xeon Gold 6240 18C 2.6GHz, NVIDIA Tesla V100, 25G Ethernet, Inspur Telecom Operator (C)China |47,320|2.28|4.37|
462| Inspur NF5468M5, Xeon Gold 6240 18C 2.6GHz, NVIDIA Tesla V100, 25G Ethernet, Inspur Telecom Operator (C)China |47,320|2.28|4.37|
463| Inspur NF5468M5, Xeon Gold 6240 18C 2.6GHz, NVIDIA Tesla V100, 25G Ethernet, Inspur Telecom Operator (C)China |47,320|2.28|4.37|
464| Inspur NF5468M5, Xeon Gold 6240 18C 2.6GHz, NVIDIA Tesla V100, 25G Ethernet, Inspur Telecom Operator (C)China |47,320|2.28|4.37|
465| Béluga - Dell EMC PowerEdge R640, Xeon Gold 6148 20C 2.4GHz, NVIDIA Tesla V100, Infiniband EDR, DELL EMC Calcul Québec/Compute CanadaCanada |72,480|2.28|7.49|240
466| Inspur TS10000 HPC Server, Xeon Gold 6240 18C 2.6GHz, NVIDIA Tesla V100, InfiniBand HDR 100, Inspur Research Laboratory HChina |40,560|2.28|3.92|
467| Inspur TS10000 HPC Server, Xeon Gold 6230 20C 2.1GHz, NVIDIA Tesla V100, Infiniband HDR, Inspur AI company JChina |40,800|2.27|3.91|
468| SSC-21 Scalable Module - Apollo 6500 Gen10 plus, AMD EPYC 7543 32C 2.8GHz, NVIDIA A100 80GB​, Infiniband HDR200, HPE Samsung ElectronicsSouth Korea |16,704|2.27|2.60|103
469| Sol - PowerEdge XE8545, AMD EPYC 7413 24C 2.65GHz, NVIDIA A100 SXM4 80 GB, MT28908 ConnectX-6 200 Gib/s, DELL EMC Arizona State UniversityUnited States |41,856|2.27|3.32|
470| Cumulus - PowerEdge C6420/C6320, Intel Xeon Phi 7210/Xeon Gold 6142F 16C 2.6GHz, Intel Omni-Path, DELL EMC University of CambridgeUnited Kingdom |50,176|2.27|2.69|530
471| CEA-HFi - BullSequana XH2000, AMD EPYC 7763 64C 2.45GHz, Atos BXI V2, EVIDEN Commissariat a l'Energie Atomique (CEA)France |73,728|2.26|2.89|
472| MTS GROM - NVIDIA DGX A100, AMD EPYC 7742 64C 2.25GHz, NVIDIA A100 40GB, Infiniband, Nvidia #CloudMTSRussia |19,840|2.26|3.01|
473| Tethys - NVIDIA DGX A100 Liquid Cooled Prototype, AMD EPYC 7742 64C 2.25GHz, NVIDIA A100 80GB​, Infiniband HDR, Nvidia NVIDIA CorporationUnited States |19,840|2.25|2.68|72
474| Makman-2 - Dell PowerEdge R630, Xeon E5-2680v3 12C 2.5GHz, Infiniband QDR, DELL EMC Saudi AramcoSaudi Arabia |76,032|2.25|3.04|1,134
475| G1 - Lenovo HR650x, Xeon Gold 6133 20C 2.5GHz, 25G Ethernet, Lenovo Service Provider TChina |54,000|2.24|4.32|
476| ThinkSystem HR650X, Xeon Gold 6233 24C 2.5GHz, 10G Ethernet, Lenovo Service Provider TChina |57,600|2.24|4.61|
477| Alex6 - EVIDEN BullSequana XH2000, AMD EPYC 7763 64C 2.45GHz, NVIDIA A100 SXM4 40 GB, Quad-rail EVIDEN BXI, EVIDEN AtosFrance |26,880|2.22|3.98|
478| UltraViolet - PowerEdge R750XA Server, AMD EPYC 7402 24C 2.8GHz, NVIDIA H100 80GB PCIe, Mellanox HDR Infiniband, DELL EMC NYU Langone HealthUnited States |17,640|2.21|4.36|
479| Sugon TC6000, Xeon Gold 6130 16C 2.1GHz, 25G Ethernet, Sugon Internet CompanyChina |67,200|2.19|4.52|740
480| Inspur NF5468M5, Xeon Gold 6248 20C 2.5GHz, NVIDIA Tesla V100, 25G Ethernet, Inspur Bank GChina |50,400|2.19|4.82|
481| MN-3 - MN-Core Server, Xeon Platinum 8260M 24C 2.4GHz, Preferred Networks MN-Core, MN-Core DirectConnect, Preferred Networks Preferred NetworksJapan |1,664|2.18|3.35|53
482| Marvin (Scalable GPU Partition) - MEGWARE GPU Server System, AMD EPYC 7713 64C 2GHz, NVIDIA A100 SXM4 80 GB, Infiniband NDR200, MEGWARE University of BonnGermany |17,920|2.18|2.63|91
483| Rockfish - ThinkSystem SD530, Xeon Gold 6248R 24C 3GHz, Infiniband HDR, Lenovo Johns Hopkins UniversityUnited States |37,392|2.17|3.59|450
484| DA - ThinkSystem SD630 V2, Xeon Platinum 8358 32C 2.6GHz, InfiniBand HDR100, Lenovo DassaultFrance |35,328|2.17|2.94|
485| B4A - ThinkSystem C2397, Xeon Platinum 8280 28C 2.7GHz, 100G Ethernet, Lenovo Software Company MGERGermany |49,280|2.17|4.26|
486| ThinkSystem C2397, Xeon Platinum 8280 28C 2.7GHz, 100G Ethernet, Lenovo Software Company MUSUnited States |49,280|2.17|4.26|
487| ThinkSystem C2397, Xeon Platinum 8280 28C 2.7GHz, 100G Ethernet, Lenovo Software Company MUSUnited States |49,280|2.17|4.26|
488| H1 - Lenovo HR650x, Xeon Gold 6133 20C 2.5GHz, 25G Ethernet, Lenovo Service Provider TChina |52,000|2.17|4.16|
489| Inspur NF5468M5, Xeon Gold 6146 12C 3.2GHz, NVIDIA Tesla V100, Infiniband EDR, Inspur Internet Service (S)China |49,800|2.16|4.42|
490| Inspur NF5468M5, Xeon Gold 6146 12C 3.2GHz, NVIDIA Tesla V100, Infiniband EDR, Inspur Internet Service (S)China |49,800|2.16|4.42|
491| Inspur NF5468M5, Xeon Gold 6146 12C 3.2GHz, NVIDIA Tesla V100, Infiniband EDR, Inspur Internet Service (S)China |49,800|2.16|4.42|
492| ThinkSystem HR630X, Xeon Silver 4110 8C 2.1GHz, 10G Ethernet, Lenovo Service Provider TChina |128,000|2.16|4.30|
493| Sugon TC6000, Xeon Gold 5118 12C 2.3GHz, 10G Ethernet, Sugon Internet CompanyChina |121,920|2.15|8.97|1,625
494| Lise GPU-X - ThinkSystem SD650-N V2, Xeon Platinum 8360Y 36C 2.4GHz, NVIDIA HGX A100 80GB 500W, Infiniband HDR200, Lenovo Zuse Institute BerlinGermany |21,168|2.15|3.51|133
495| Spartan GPU Partitions - PowerEdge R750XA, Xeon Gold 6326 16C 2.9GHz, NVIDIA Tesla A100 80G, 100G Ethernet, DELL EMC The University of MelbourneAustralia |33,408|2.14|3.01|
496| Hercules - PowerEdge C6520, Xeon Platinum 8380 40C 2.3GHz, Infiniband NDR, DELL EMC Mississippi State UniversityUnited States |40,960|2.14|3.01|
497| Phoenix - 2022 - ThinkSystem SR670 V2, Xeon Platinum 8360Y 36C 2.4GHz, NVIDIA A100, Infiniband HDR, Lenovo University of AdelaideAustralia |20,160|2.13|3.34|69
498| Betty - Cray CS500, AMD EPYC 7542 32C 2.9GHz, InfiniBand HDR100, HPE US Army Research Laboratory (ARL)United States |94,976|2.13|4.41|
499| NA3 - Lenovo ThinkSystem SR650 V2, Xeon Platinum 8358 32C 2.6GHz, 100G Ethernet, Lenovo Software CompanyUnited States |56,448|2.13|4.70|
500| HSUper - Megware D50TNP, Xeon Platinum 8360Y 36C 2.4GHz, InfiniBand HDR100, MEGWARE Helmut-Schmidt-Universität/Universität der Bundeswehr HamburgGermany |41,832|2.13|3.21|395
